lesson,type,definition,word,audio,kana,kanji
3,[动1],有，在(非意志者),あります,"[73.933, 74.762]",あります,あります
3,[动2],有，在(具意志者),います,"[75.593, 76.429]",います,います
104,[动1],休息,やすみます(休みます),"[71.098, 72.268]",やすみます,休みます
104,[动1],工作,はたらきます(働きます),"[73.034, 74.406]",はたらきます,働きます
104,[动1],开始,はじまります(始まります),"[74.976, 76.233]",はじまります,始まります
104,[动1],结束,おわります(終わります),"[76.827, 78.078]",おわります,終わります
104,[动2],起床,おきます(起きます),"[78.67, 79.714]",おきます,起きます
104,[动2],睡觉,ねます(寝ます),"[80.451, 81.378]",ねます,寝ます
104,[动3],学习,べんきょうします(勉強します),"[82.08, 83.67]",べんきょうします,勉強します
105,[动1],去,いきます(行きます),"[39.957, 40.899]",いきます,行きます
105,[动1],回来，回去,かえります(帰ります),"[42.052, 43.019]",かえります,帰ります
105,[动3],来,きます(来ます),"[43.951, 44.698]",きます,来ます
106,[动1],喝,のみます(飲みます),"[48.829, 49.778]",のみます,飲みます
106,[动1],买,かいます(買います),"[50.556, 51.404]",かいます,買います
106,[动1],拍照，拍摄,とります(撮ります),"[51.949, 52.891]",とります,撮ります
106,[动1],写,かきます(書きます),"[53.471, 54.419]",かきます,書きます
106,[动1],读,よみます(読みます),"[55.177, 56.098]",よみます,読みます
106,[动1],听,ききます(聞きます),"[56.673, 57.629]",ききます,聞きます
106,[动2],吃,たべます(食べます),"[58.139, 59.148]",たべます,食べます
106,[动2],看,みます(見ます),"[59.563, 60.317]",みます,見ます
106,[动3],干，做,します,"[60.948, 61.812]",します,します
106,[动3],打扫，扫除,そうじします(掃除します),"[62.682, 63.872]",そうじします,掃除します
107,[动1],拿到，得到,もらいます,"[53.548, 54.518]",もらいます,もらいます
107,[动1],见,あいます(会います),"[55.115, 55.916]",あいます,会います
107,[动1],寄,おくります(送ります),"[56.421, 57.508]",おくります,送ります
107,[动1],做，制造,つくります(作ります),"[58.031, 59.015]",つくります,作ります
107,[动1],胖,ふとります(太ります),"[59.555, 60.689]",ふとります,太ります
107,[动1],寄(信),だします(出します),"[61.179, 62.215]",だします,出します
107,[动1],收到，送到，寄到,とどきます(届きます),"[62.81, 63.925]",とどきます,届きます
107,[动1],画,かきます,"[64.51, 65.513]",かきます,かきます
107,[动1],借出，借给,かします(貸します),"[66.375, 67.322]",かします,貸します
107,[动1],学习,ならいます(習います),"[68.013, 69.199]",ならいます,習います
107,[动2],给,あげます,"[69.914, 70.818]",あげます,あげます
107,[动2],打(电话),かけます,"[71.483, 72.466]",かけます,かけます
107,[动2],(向别人)借,かります(借ります),"[73.145, 74.221]",かります,借ります
107,[动2],教,おしえます(教えます),"[74.753, 75.885]",おしえます,教えます
210,[动1],懂，明白,わかります(分かります),"[54.38, 55.412]",わかります,分かります
210,[动1],犹豫，难以决定,まよいます(迷います),"[56.347, 57.402]",まよいます,迷います
210,[动2],会；能；完成,できます,"[57.884, 58.739]",できます,できます
210,[动2],关闭，关门,しめます(閉めます),"[59.256, 60.249]",しめます,閉めます
210,[动2],疲倦，疲惫,つかれます(疲れます),"[60.854, 61.935]",つかれます,疲れます
210,[动3],散步,さんぽします(散歩します),"[62.492, 63.845]",さんぽします,散歩します
211,[动1],下(雨，雪)，降(雨，雪),ふります(降ります),"[35.678, 36.55]",ふります,降ります
312,[动1],花费(时间，金钱),かかります,"[30.738, 31.715]",かかります,かかります
312,[动1],花开,さきます(咲きます),"[32.285, 33.306]",さきます,咲きます
312,[动1],游泳,およぎます(泳ぎます),"[34.223, 35.225]",およぎます,泳ぎます
312,[动1],玩，玩耍,あそびます(遊びます),"[35.719, 36.764]",あそびます,遊びます
312,[动1],吸(烟),すいます(吸います),"[37.358, 38.373]",すいます,吸います
312,[动1],剪，切，割,きります(切ります),"[38.821, 39.687]",きります,切ります
313,[动1],通过，经过,とおります(通ります),"[31.613, 32.703]",とおります,通ります
313,[动1],急，匆忙,いそぎます(急ぎます),"[33.368, 34.392]",いそぎます,急ぎます
313,[动1],飞，飞行,とびます(飛びます),"[34.824, 35.718]",とびます,飛びます
313,[动1],死，死亡,しにます(死にます),"[36.15, 37.153]",しにます,死にます
313,[动1],等待，等候,まちます(待ちます),"[37.709, 38.717]",まちます,待ちます
313,[动1],卖，销售,うります(売ります),"[39.197, 40.139]",うります,売ります
313,[动1],说话，说,はなします(話します),"[40.631, 41.767]",はなします,話します
313,[动1],过(桥，河)，穿过(马路),わたります(渡ります),"[42.242, 43.354]",わたります,渡ります
313,[动1],取，卸货,おろします(下ろします),"[44.426, 45.475]",おろします,下ろします
313,[动1],挑选，选择,えらびます(選びます),"[46.097, 47.183]",えらびます,選びます
313,[动1],关(灯)，消除，去除,けします(消します),"[47.844, 48.816]",けします,消します
313,[动1],步行，行走,あるきます(歩きます),"[49.539, 50.612]",あるきます,歩きます
313,[动1],拐弯，曲折,まがります(曲がります),"[51.416, 52.452]",まがります,曲がります
313,[动1],洗，洗涤,あらいます(洗います),"[53.125, 54.207]",あらいます,洗います
313,[动2],离开,でます(出ます),"[54.756, 55.53]",でます,出ます
313,[动2],外出，出门,でかけます(出かけます),"[56.273, 57.426]",でかけます,出かけます
313,[动2],开，打开，开启,あけます(開けます),"[58.076, 58.962]",あけます,開けます
313,[动2],过,すぎます(過ぎます),"[59.622, 60.684]",すぎます,過ぎます
313,[动2],给……看；出示,みせます(見せます),"[61.326, 62.21]",みせます,見せます
313,[动2],开(灯),つけます,"[62.969, 63.957]",つけます,つけます
313,[动2],下(车，山),おります(降ります),"[64.676, 65.514]",おります,降ります
313,[动3],买东西,かいものします(買い物します),"[66.373, 67.769]",かいものします,買い物します
313,[动3],毕业,そつぎょうします(卒業します),"[68.346, 69.853]",そつぎょうします,卒業します
313,[动3],吃饭，用餐,しょくじします(食事します),"[70.439, 71.744]",しょくじします,食事します
313,[动3],整理,せいりします(整理します),"[72.897, 74.104]",せいりします,整理します
313,[动3],复印,コピーします,"[74.804, 76.095]",コピーします,コピーします
314,[动1],乘坐，乘,のります(乗ります),"[34.69, 35.624]",のります,乗ります
314,[动1],用，使用,つかいます(使います),"[36.033, 37.087]",つかいます,使います
314,[动1],坐，落座,すわります(座ります),"[37.379, 38.525]",すわります,座ります
314,[动1],进入，加入,はいります(入ります),"[39.073, 40.167]",はいります,入ります
314,[动1],是，说，讲，告诉,もうします(申します),"[40.613, 41.676]",もうします,申します
314,[动1],取，取得,とります,"[42.124, 43.001]",とります,とります
314,[动1],唱，歌唱,うたいます(歌います),"[43.456, 44.514]",うたいます,歌います
314,[动2],说，传达，转告,つたえます(伝えます),"[44.957, 46.048]",つたえます,伝えます
314,[动2],停，制止,とめます(止めます),"[46.475, 47.511]",とめます,止めます
315,[动1],有，拥有，持有,もちます(持ちます),"[65.334, 66.254]",もちます,持ちます
315,[动1],住，居住,すみます(住みます),"[66.838, 67.847]",すみます,住みます
315,[动1],认识，知道，了解,しります(知ります),"[68.461, 69.409]",しります,知ります
315,[动1],改，修改，改正,なおします(直します),"[70.084, 71.184]",なおします,直します
315,[动2],收拾，整理,かたづけます(片づけます),"[71.859, 73.103]",かたづけます,片づけます
315,[动3],练习,れんしゅうします(練習します),"[73.953, 75.416]",れんしゅうします,練習します
315,[动3],结婚,けっこんします(結婚します),"[76.2, 77.752]",けっこんします,結婚します
315,[动3],安心，放心,あんしんします(安心します),"[78.201, 79.622]",あんしんします,安心します
416,[动2],开始,はじめます(始めます),"[28.268, 29.305]",はじめます,始めます
416,[动3],联系,れんらくします(連絡します),"[29.892, 31.193]",れんらくします,連絡します
417,[动1],变，当，变成，成为,なります,"[47.584, 48.529]",なります,なります
417,[动1],开,あきます(開きます),"[49.105, 50.016]",あきます,開きます
417,[动1],适合，相称,にあいます(似合います),"[50.63, 51.683]",にあいます,似合います
418,[动1],触，碰,さわります(触ります),"[24.026, 25.074]",さわります,触ります
418,[动1],脱,ぬぎます(脱ぎます),"[25.621, 26.692]",ぬぎます,脱ぎます
418,[动1],摔，摔倒，跌倒,ころびます(転びます),"[27.237, 28.248]",ころびます,転びます
418,[动1],渴,かわきます(渇きます),"[28.782, 29.912]",かわきます,渇きます
418,[动1],痊愈，医好,なおります(治ります),"[30.445, 31.529]",なおります,治ります
418,[动1],滑，滑行,すべります(滑ります),"[31.947, 33.112]",すべります,滑ります
418,[动1],呼喊,よびます(呼びます),"[33.481, 34.427]",よびます,呼びます
418,[动1],归还,かえします(返します),"[34.99, 36.123]",かえします,返します
418,[动1],帮忙,てつだいます(手伝います),"[36.758, 38.012]",てつだいます,手伝います
418,[动1],搬运,はこびます(運びます),"[38.386, 39.445]",はこびます,運びます
418,[动1],丢，丢失,なくします,"[40.173, 41.36]",なくします,なくします
418,[动1],掉，使落下,おとします(落とします),"[41.715, 42.733]",おとします,落とします
418,[动1],放置,おきます(置きます),"[43.511, 44.435]",おきます,置きます
418,[动1],支付,はらいます(払います),"[45.049, 46.157]",はらいます,払います
418,[动1],站，立,たちます(立ちます),"[47.582, 48.451]",たちます,立ちます
418,[动2],忘记,わすれます(忘れます),"[49.014, 50.159]",わすれます,忘れます
418,[动2],惊慌，慌张，着急,あわてます(慌てます),"[50.549, 51.618]",あわてます,慌てます
418,[动2],扔，扔掉,すてます(捨てます),"[52.031, 53.027]",すてます,捨てます
418,[动3],加班,ざんぎょうします(残業します),"[53.953, 55.435]",ざんぎょうします,残業します
418,[动3],担心,しんぱいします(心配します),"[55.891, 57.368]",しんぱいします,心配します
419,[动1],弹,ひきます(弾きます),"[51.223, 52.114]",ひきます,弾きます
419,[动1],(肚子)饿，空,すきます,"[52.645, 53.606]",すきます,すきます
419,[动1],登，上,のぼります(登ります),"[54.588, 55.6]",のぼります,登ります
419,[动2],收集,あつめます(集めます),"[56.12, 57.183]",あつめます,集めます
419,[动2],淋；浇,あびます(浴びます),"[58.021, 58.899]",あびます,浴びます
419,[动3],请客，摆盛宴,ごちそうします,"[59.625, 61.028]",ごちそうします,ごちそうします
419,[动3],回国,きこくします(帰国します),"[62.335, 63.619]",きこくします,帰国します
520,[动1],交给,わたします(渡します),"[21.249, 22.315]",わたします,渡します
520,[动2],迟到,おくれます　(遅れます),"[23.021, 24.083]",おくれます　,遅れます
520,[动2],考虑,かんがえます(考えます),"[24.465, 25.608]",かんがえます,考えます
520,[动2],调查,しらべます(調べます),"[26.209, 27.373]",しらべます,調べます
520,[动2],穿,きます(着ます),"[27.817, 28.637]",きます,着ます
520,[动3],预约，预定,よやくします(予約します),"[29.449, 30.761]",よやくします,予約します
520,[动3],感谢,かんしゃします(感謝します),"[31.954, 33.156]",かんしゃします,感謝します
520,[动3],运动,うんどうします(運動します),"[33.801, 35.197]",うんどうします,運動します
520,[动3],洗涤，洗,せんたくします(洗濯します),"[35.54, 36.9]",せんたくします,洗濯します
520,[动3],报告,ほうこくします(報告します),"[37.718, 39.057]",ほうこくします,報告します
521,[动1],做,やります,"[25.354, 26.323]",やります,やります
522,[动1],不同，不一样,ちがいます(違います),"[15.33, 16.375]",ちがいます,違います
522,[动1],拥挤，混杂,こみます(込みます),"[16.746, 17.601]",こみます,込みます
522,[动1],定，决定,きまります(決まります),"[18.1, 19.138]",きまります,決まります
522,[动2],告诉,しらせます(知らせます),"[19.43, 20.459]",しらせます,知らせます
522,[动2],查(看)，弄清,たしかめます(確かめます),"[21.146, 22.325]",たしかめます,確かめます
523,[动1],想，思考,おもいます(思います),"[10.971, 12.062]",おもいます,思います
523,[动1],说，讲,いいます(言います),"[12.681, 13.622]",いいます,言います
523,[动1],找，寻找，寻求,さがします(探します),"[13.941, 15.136]",さがします,探します
523,[动1],笑,わらいます(笑います),"[15.668, 16.695]",わらいます,笑います
523,[动2],戒，停止，放弃,やめます,"[17.11, 18.075]",やめます,やめます
523,[动2],决定,きめます(決めます),"[18.638, 19.561]",きめます,決めます
523,[动3],睡懒觉,ねぼうします(寝坊します),"[20.087, 21.448]",ねぼうします,寝坊します
523,[动3],外出，出去,がいしゅつします(外出します),"[22.576, 24.117]",がいしゅつします,外出します
523,[动3],研究,けんきゅうします(研究します),"[24.626, 26.029]",けんきゅうします,研究します
624,[动1],住，过夜，住宿,とまります(泊まります),"[28.349, 29.389]",とまります,泊まります
624,[动1],连接，系,むすびます(結びます),"[30.364, 31.406]",むすびます,結びます
624,[动1],印，记下,とります(取ります),"[31.986, 32.869]",とります,取ります
624,[动2],出生，诞生,うまれます(生まれます),"[33.516, 34.486]",うまれます,生まれます
624,[动3],倒闭，破产,とうさんします(倒産します),"[35.052, 36.401]",とうさんします,倒産します
624,[动3],堵车，停滞,じゅうたいします(渋滞します),"[37.229, 38.657]",じゅうたいします,渋滞します
624,[动3],确认,チェックします,"[39.057, 40.259]",チェックします,チェックします
625,[动1],防御，防备，防守,ふせぎます(防ぎます),"[34.727, 35.73]",ふせぎます,防ぎます
625,[动1],走访；转；绕弯,まわります(回ります),"[36.536, 37.651]",まわります,回ります
625,[动1],跑，奔跑,はしります(走ります),"[37.988, 39.028]",はしります,走ります
625,[动1],吹,ふきます(吹きます),"[39.848, 40.813]",ふきます,吹きます
625,[动2],举，举起,あげます(挙げます),"[41.373, 42.307]",あげます,挙げます
625,[动2],足，够,たります(足ります),"[43.007, 43.961]",たります,足ります
625,[动3],素描，写生,スケッチします,"[44.637, 46.043]",スケッチします,スケッチします
625,[动3],发言,はつげんします(発言します),"[47.19, 48.644]",はつげんします,発言します
625,[动3],得冠军,ゆうしょうします(優勝します),"[49.125, 50.444]",ゆうしょうします,優勝します
625,[动3],及格，合格,ごうかくします(合格します),"[50.966, 52.454]",ごうかくします,合格します
625,[动3],约定,やくそくします(約束します),"[52.769, 54.055]",やくそくします,約束します
626,[动1],上学，来往,かよいます(通います),"[56.716, 57.696]",かよいます,通います
626,[动1],聚，集合,あつまります(集まります),"[58.395, 59.549]",あつまります,集まります
626,[动1],跳舞,おどります(踊ります),"[59.927, 60.96]",おどります,踊ります
626,[动1],要,いります(要ります),"[61.498, 62.422]",いります,要ります
626,[动1],为难，难办,こまります(困ります),"[62.882, 63.95]",こまります,困ります
626,[动1],拍，敲，打,たたきます,"[64.782, 65.868]",たたきます,たたきます
626,[动2],放入，放进,いれます(入れます),"[66.282, 67.261]",いれます,入れます
626,[动3],护理,かんびょうします(看病します),"[68.167, 69.542]",かんびょうします,看病します
626,[动3],吵架，打架,けんかします,"[69.879, 71.056]",けんかします,けんかします
626,[动3],利用,りようします(利用します),"[71.962, 73.277]",りようします,利用します
626,[动3],商谈,そうだんします(相談します),"[73.863, 75.295]",そうだんします,相談します
627,[动1],捡、拾,ひろいます(拾います),"[32.473, 33.459]",ひろいます,拾います
627,[动1],翻译,やくします(訳します),"[34.559, 35.645]",やくします,訳します
627,[动2],给,くれます,"[36.152, 37.078]",くれます,くれます
627,[动2],送到，送去,とどけます(届けます),"[37.787, 38.842]",とどけます,届けます
627,[动3],向导，导游,あんないします(案内します),"[39.369, 40.726]",あんないします,案内します
627,[动3],换，交换,こうかんします(交換します),"[41.365, 42.785]",こうかんします,交換します
627,[动3],介绍,しょうかいします(紹介します),"[43.194, 44.542]",しょうかいします,紹介します
728,[动1],停，停住,とまります(止まります),"[35.409, 36.34]",とまります,止まります
728,[动1],变，转变,かわります(変わります),"[37.092, 38.047]",かわります,変わります
728,[动1],拼命努力,がんばります(頑張ります),"[38.893, 40.05]",がんばります,頑張ります
728,[动1],道歉,あやまります(謝ります),"[40.582, 41.672]",あやまります,謝ります
728,[动1],逃学，怠工,サボります,"[42.447, 43.498]",サボります,サボります
728,[动1],爽约，打破,やぶります(破ります),"[44.132, 45.267]",やぶります,破ります
728,[动1],拉，抽,ひきます(引きます),"[45.968, 46.922]",ひきます,引きます
728,[动1],遵守，保护,まもります(守ります),"[47.768, 48.923]",まもります,守ります
728,[动2],回答,こたえます(答えます),"[49.699, 50.761]",こたえます,答えます
728,[动2],逃跑,にげます(逃げます),"[51.323, 52.319]",にげます,逃げます
728,[动2],救助，帮助,たすけます(助けます),"[53.8, 54.803]",たすけます,助けます
728,[动2],添加，附加,つけます(付けます),"[55.313, 56.272]",つけます,付けます
728,[动2],记住，掌握,おぼえます(覚えます),"[57.053, 58.041]",おぼえます,覚えます
728,[动3],提交，提出,ていしゅつします(提出します),"[58.624, 59.995]",ていしゅつします,提出します
728,[动3],客气,えんりょします(遠慮します),"[60.949, 62.143]",えんりょします,遠慮します
728,[动3],(足球)射门，投篮,シュートします,"[62.766, 64.03]",シュートします,シュートします
728,[动3],注意,ちゅういします(注意します),"[64.858, 66.141]",ちゅういします,注意します
729,[动1],到齐，齐全,そろいます,"[24.435, 25.519]",そろいます,そろいます
729,[动1],顺便去；靠近,よります(寄ります),"[26.174, 27.168]",よります,寄ります
729,[动1],开，开张,ひらきます(開きます),"[27.666, 28.728]",ひらきます,開きます
729,[动1],搬迁，搬家,ひっこします(引っ越します),"[29.653, 30.956]",ひっこします,引っ越します
729,[动2],迎接,むかえます(迎えます),"[31.649, 32.808]",むかえます,迎えます
729,[动2],出故障，坏,こわれます(壊れます),"[33.577, 34.667]",こわれます,壊れます
729,[动2],搞错,まちがえます(間違えます),"[35.2, 36.485]",まちがえます,間違えます
729,[动3],出发,しゅっぱつします(出発します),"[37.095, 38.64]",しゅっぱつします,出発します
729,[动3],换工作,てんしょくします(転職します),"[39.066, 40.414]",てんしょくします,転職します
729,[动3],轮胎爆裂，撑破,パンクします,"[41.251, 42.51]",パンクします,パンクします
730,[动1],按，推，挤,おします(押します),"[34.638, 35.601]",おします,押します
730,[动1],灯亮，灯开,つきます,"[35.93, 37.047]",つきます,つきます
730,[动1],下降，降低,さがります(下がります),"[37.638, 38.796]",さがります,下がります
730,[动1],生气,おこります(怒ります),"[39.46, 40.608]",おこります,怒ります
730,[动1],转，传送，传递,まわします(回します),"[41.048, 42.216]",まわします,回します
730,[动1],运转，转动,うごきます(動きます),"[42.71, 43.801]",うごきます,動きます
730,[动2],活，生存,いきます(生きます),"[44.347, 45.274]",いきます,生きます
730,[动2],下，下来,おります(下ります),"[45.708, 46.704]",おります,下ります
730,[动2],总结，整理；汇集,まとめます,"[47.273, 48.332]",まとめます,まとめます
730,[动3],死机,フリーズします,"[48.844, 50.239]",フリーズします,フリーズします
730,[动3],故障,こしょうします(故障します),"[50.863, 52.216]",こしょうします,故障します
731,[动1],开，举行,おこないます(行います),"[42.02, 43.204]",おこないます,行います
731,[动1],提高，涨,あがります(上がります),"[43.553, 44.622]",あがります,上がります
731,[动2],换乘,のりかえます(乗り換えます),"[45.326, 46.548]",のりかえます,乗り換えます
731,[动2],辞去,やめます(辞めます),"[46.856, 47.862]",やめます,辞めます
731,[动3],留学,りゅうがくします(留学します),"[48.593, 50.057]",りゅうがくします,留学します
731,[动3],入学,にゅうがくします(入学します),"[50.294, 51.634]",にゅうがくします,入学します
731,[动3],流行,りゅうこうします(流行します),"[53.119, 54.578]",りゅうこうします,流行します
731,[动3],住院,にゅういんします(入院します),"[54.884, 56.285]",にゅういんします,入院します
731,[动3],打扰，拜访,おじゃまします(お邪魔します),"[57.311, 58.63]",おじゃまします,お邪魔します
731,[动3],承担,たんとうします(担当します),"[59.078, 60.427]",たんとうします,担当します
832,[动1],关闭，关,しまります(閉まります),"[32.931, 33.948]",しまります,閉まります
832,[动1],弄坏,こわします(壊します),"[34.683, 35.66]",こわします,壊します
832,[动1],割开，打破，打坏,わります(割ります),"[36.29, 37.223]",わります,割ります
832,[动1],附带，附加,つきます(付きます),"[37.574, 38.445]",つきます,付きます
832,[动1],挂，悬挂,かかります(掛かります),"[38.983, 40.066]",かかります,掛かります
832,[动1],弄脏,よごします(汚します),"[40.501, 41.689]",よごします,汚します
832,[动1],停，停息，停止,やみます,"[42.125, 43.121]",やみます,やみます
832,[动1],盖，建,たちます(建ちます),"[43.572, 44.53]",たちます,建ちます
832,[动1],排队，排，列队,ならびます(並びます),"[45.124, 46.281]",ならびます,並びます
832,[动1],到，到达,つきます(着きます),"[47.349, 48.391]",つきます,着きます
832,[动1],戴,かぶります,"[48.894, 49.953]",かぶります,かぶります
832,[动1],穿(鞋、裤子),はきます,"[50.919, 51.928]",はきます,はきます
832,[动1],饲养,かいます(飼います),"[53.023, 53.984]",かいます,飼います
832,[动2],熄灭，消失,きえます(消えます),"[55.258, 56.251]",きえます,消えます
832,[动2],挂,かけます(掛けます),"[56.896, 57.937]",かけます,掛けます
832,[动2],落下，掉,おちます(落ちます),"[58.38, 59.385]",おちます,落ちます
832,[动2],裂开，破裂,われます(割れます),"[59.824, 60.846]",われます,割れます
832,[动2],盖，建造,たてます(建てます),"[61.547, 62.587]",たてます,建てます
832,[动2],输，败,まけます(負けます),"[63.089, 64.146]",まけます,負けます
832,[动2],脏,よごれます(汚れます),"[64.699, 65.756]",よごれます,汚れます
833,[动1],烤，烧，烧毁,やきます(焼きます),"[40.689, 41.583]",やきます,焼きます
833,[动1],挣钱，赚钱,かせぎます(稼ぎます),"[42.44, 43.455]",かせぎます,稼ぎます
833,[动1],剩余，剩下,のこります(残ります),"[43.9, 44.939]",のこります,残ります
833,[动1],卷，包裹,つつみます(包みます),"[45.47, 46.524]",つつみます,包みます
833,[动1],点(菜)；请求；托付,たのみます(頼みます),"[47.075, 48.24]",たのみます,頼みます
833,[动1],粘，贴,はります,"[48.705, 49.764]",はります,はります
833,[动1],装饰,かざります(飾ります),"[50.193, 51.306]",かざります,飾ります
833,[动1],收拾起来，放到～里边,しまいます,"[51.799, 52.926]",しまいます,しまいます
833,[动1],合适，适合,あいます(合います),"[53.75, 54.607]",あいます,合います
833,[动1],放回，返还，返回,もどします(戻します),"[55.35, 56.392]",もどします,戻します
833,[动2],积攒，储存,ためます,"[56.988, 57.898]",ためます,ためます
833,[动2],排列,ならべます(並べます),"[58.565, 59.617]",ならべます,並べます
833,[动2],寄存，托付,あずけます(預けます),"[60.159, 61.273]",あずけます,預けます
833,[动2],继续，持续,つづけます(続けます),"[61.775, 62.88]",つづけます,続けます
833,[动2],瘦,やせます,"[63.449, 64.504]",やせます,やせます
833,[动3],拜访，访问,ほうもんします(訪問します),"[65.022, 66.432]",ほうもんします,訪問します
833,[动3],存钱，储蓄,ちょきんします(貯金します),"[67.193, 68.714]",ちょきんします,貯金します
833,[动3],欢迎,かんげいします(歓迎します),"[69.272, 70.579]",かんげいします,歓迎します
833,[动3],准备,よういします(用意します),"[71.438, 72.765]",よういします,用意します
834,[动1],有效，起作用,ききます(効きます),"[50.563, 51.664]",ききます,効きます
834,[动1],祝贺,いわいます(祝います),"[52.538, 53.645]",いわいます,祝います
834,[动1],中(彩)，抽中,あたります(当たります),"[54.095, 55.153]",あたります,当たります
834,[动1],空，有空,あきます(空きます),"[55.445, 56.485]",あきます,空きます
834,[动1],腐烂，腐败,くさります(腐ります),"[57.015, 58.024]",くさります,腐ります
834,[动2],寻找，看见,みつけます(見つけます),"[58.469, 59.65]",みつけます,見つけます
834,[动2],晴朗，天晴,はれます(晴れます),"[60.011, 60.988]",はれます,晴れます
834,[动2],访问，拜访,たずねます(訪ねます),"[61.593, 62.695]",たずねます,訪ねます
834,[动3],停留，滞留,たいざいします(滞在します),"[63.238, 64.528]",たいざいします,滞在します
834,[动3],休息,きゅうけいします(休憩します),"[65.168, 66.713]",きゅうけいします,休憩します
834,[动3],参加,さんかします(参加します),"[67.01, 68.362]",さんかします,参加します
834,[动3],干杯,かんぱいします(乾杯します),"[68.924, 70.436]",かんぱいします,乾杯します
835,[动1],携带，拿着走,もちあるきます(持ち歩きます),"[35.869, 37.236]",もちあるきます,持ち歩きます
835,[动1],反复,くりかえします(繰り返します),"[38.15, 39.531]",くりかえします,繰り返します
835,[动1],吵嚷，吵闹,さわぎます(騒ぎます),"[39.913, 41.008]",さわぎます,騒ぎます
835,[动1],来得及，赶得上,まにあいます(間に合います),"[41.644, 42.841]",まにあいます,間に合います
835,[动1],叫，鸣，啼,なきます(鳴きます),"[43.499, 44.442]",なきます,鳴きます
835,[动1],睡觉,ねむります(眠ります),"[45.288, 46.38]",ねむります,眠ります
835,[动1],鸣响，响起,なります(鳴ります),"[46.987, 47.963]",なります,鳴ります
835,[动1],喜悦，高兴,よろこびます(喜びます),"[48.703, 49.964]",よろこびます,喜びます
835,[动1],有用，有益,やくだちます(役立ちます),"[50.363, 51.615]",やくだちます,役立ちます
835,[动1],雇佣,やといます(雇います),"[52.165, 53.388]",やといます,雇います
835,[动1],哭，哭泣,なきます(泣きます),"[53.882, 54.892]",なきます,泣きます
835,[动1],挥动，摆动,ふります(振ります),"[55.8, 56.771]",ふります,振ります
835,[动2],看到，看得见,みえます(見えます),"[57.244, 58.264]",みえます,見えます
835,[动2],听到，听得见,きこえます(聞こえます),"[58.76, 59.839]",きこえます,聞こえます
835,[动2],通过，相通,つうじます(通じます),"[60.171, 61.326]",つうじます,通じます
835,[动2],放(风筝)；扬起,あげます(揚げます),"[61.884, 62.824]",あげます,揚げます
835,[动2],习惯,なれます(慣れます),"[63.178, 64.214]",なれます,慣れます
835,[动2],淋湿，打湿,ぬれます,"[64.795, 65.771]",ぬれます,ぬれます
835,[动2],着火，燃烧,やけます(焼けます),"[66.237, 67.323]",やけます,焼けます
835,[动2],降低，下降,さげます(下げます),"[67.81, 68.877]",さげます,下げます
835,[动3],出岔子，失败,しっぱいします(失敗します),"[69.314, 70.754]",しっぱいします,失敗します
835,[动3],辛苦，辛劳,くろうします(苦労します),"[71.506, 72.814]",くろうします,苦労します
835,[动3],吃惊，吓一跳,びっくりします,"[73.012, 74.486]",びっくりします,びっくりします
835,[动3],出席,しゅっせきします(出席します),"[74.938, 76.585]",しゅっせきします,出席します
936,[动2],超过,こえます(超えます),"[35.836, 36.873]",こえます,超えます
936,[动3],参加，出场,しゅつじょうします(出場します),"[38.185, 39.836]",しゅつじょうします,出場します
936,[动3],释放,しゃくほうします(釈放します),"[40.332, 41.693]",しゃくほうします,釈放します
936,[动3],偷吃,つまみぐいします(つまみ食いします),"[42.804, 44.567]",つまみぐいします,つまみ食いします
936,[动3],换算,かんさんします(換算します),"[45.312, 46.725]",かんさんします,換算します
936,[动3],复习,ふくしゅうします(復習します),"[47.27, 48.875]",ふくしゅうします,復習します
936,[动3],成功,せいこうします(成功します),"[49.205, 50.498]",せいこうします,成功します
937,[动1],错综复杂,いりくみます(入り組みます),"[43.568, 44.778]",いりくみます,入り組みます
937,[动1],减少,へります(減ります),"[45.811, 46.735]",へります,減ります
937,[动1],开动，移动，摇动,うごかします(動かします),"[47.115, 48.33]",うごかします,動かします
937,[动1],取胜，获胜,かちます(勝ちます),"[49.096, 50.076]",かちます,勝ちます
937,[动2],走得出去，穿过，通过,とおりぬけます(通り抜けます),"[50.48, 51.772]",とおりぬけます,通り抜けます
937,[动2],感觉，觉得,かんじます(感じます),"[53.126, 54.276]",かんじます,感じます
937,[动2],更换，交换,とりかえます(取り替えます),"[54.797, 56.153]",とりかえます,取り替えます
937,[动3],熬通宵，彻夜,てつやします(徹夜します),"[57.272, 58.626]",てつやします,徹夜します
937,[动3],烫伤，烧伤,やけどします(火傷します),"[58.867, 60.147]",やけどします,火傷します
938,[动1],眺望，远眺,みわたします(見渡します),"[58.069, 59.613]",みわたします,見渡します
938,[动1],继续，持续,つづきます(続きます),"[59.975, 61.082]",つづきます,続きます
938,[动1],完，丢失,なくなります,"[61.491, 62.766]",なくなります,なくなります
938,[动1],生长，成长,そだちます(育ちます),"[63.13, 64.312]",そだちます,育ちます
938,[动2],增加，增多,ふえます(増えます),"[65.803, 66.748]",ふえます,増えます
938,[动2],带，领,つれます(連れます),"[67.33, 68.305]",つれます,連れます
938,[动3],缺席,けっせきします(欠席します),"[69.142, 70.584]",けっせきします,欠席します
938,[动3],进口，输入,ゆにゅうします(輸入します),"[71.018, 72.321]",ゆにゅうします,輸入します
939,[动1],往～去,むかいます(向かいます),"[33.251, 34.246]",むかいます,向かいます
939,[动2],备齐，凑齐；使一致,そろえます,"[34.626, 35.682]",そろえます,そろえます
939,[动2],漏，泄漏,もれます(漏れます),"[36.424, 37.356]",もれます,漏れます
939,[动3],开通,かいつうします(開通します),"[37.785, 39.188]",かいつうします,開通します
939,[动3],改建,かいちくします(改築します),"[40.086, 41.545]",かいちくします,改築します
939,[动3],完成,かんせいします(完成します),"[41.827, 43.284]",かんせいします,完成します
939,[动3],进公司，入社,にゅうしゃします(入社します),"[44.566, 45.901]",にゅうしゃします,入社します
1040,[动1],训，责备，斥责,しかります,"[49.837, 50.893]",しかります,しかります
1040,[动1],咬，嚼,かみます,"[51.394, 52.353]",かみます,かみます
1040,[动1],邀请，约请,さそいます(誘います),"[53.032, 54.149]",さそいます,誘います
1040,[动1],卷入，卷进,まきこみます(巻き込みます),"[54.84, 56.196]",まきこみます,巻き込みます
1040,[动1],到达，达到,いたります(至ります),"[56.899, 57.915]",いたります,至ります
1040,[动1],找到，发现,みつかります(見つかります),"[58.395, 59.653]",みつかります,見つかります
1040,[动1],踩，踏,ふみます(踏みます),"[60.087, 61.045]",ふみます,踏みます
1040,[动1],谋求；考虑,はかります(図ります),"[61.526, 62.589]",はかります,図ります
1040,[动1],预料，估计,みこみます(見込みます),"[63.073, 64.149]",みこみます,見込みます
1040,[动1],盗取，偷盗,ぬすみます(盗みます),"[65.258, 66.349]",ぬすみます,盗みます
1040,[动1],叫醒，唤醒,おこします(起こします),"[66.988, 68.107]",おこします,起こします
1040,[动2],表扬，赞扬,ほめます,"[68.582, 69.478]",ほめます,ほめます
1040,[动2],要求；追求，寻求,もとめます(求めます),"[70.852, 72.007]",もとめます,求めます
1040,[动2],欺负，折磨，欺侮,いじめます,"[72.526, 73.642]",いじめます,いじめます
1040,[动2],碰上，撞上；扔，投，掷,ぶつけます,"[74.114, 75.257]",ぶつけます,ぶつけます
1040,[动3],发现,はっけんします(発見します),"[75.929, 77.37]",はっけんします,発見します
1040,[动3],辞职,じしょくします(辞職します),"[77.811, 79.061]",じしょくします,辞職します
1040,[动3],成立，创立,そうりつします(創立します),"[79.4, 80.926]",そうりつします,創立します
1040,[动3],委托，请求,いらいします(依頼します),"[81.348, 82.597]",いらいします,依頼します
1040,[动3],上市，发售，出售,はつばいします(発売します),"[83.03, 84.47]",はつばいします,発売します
1040,[动3],开发,かいはつします(開発します),"[84.974, 86.302]",かいはつします,開発します
1040,[动3],生产，制造,せいぞうします(製造します),"[87.078, 88.565]",せいぞうします,製造します
1040,[动3],管理,かんりします(管理します),"[88.991, 90.249]",かんりします,管理します
1040,[动3],实现,じつげんします(実現します),"[90.966, 92.502]",じつげんします,実現します
1040,[动3],精炼，洗练,せんれんします(洗練します),"[92.726, 94.113]",せんれんします,洗練します
1040,[动3],广播，播送,ほうそうします(放送します),"[94.654, 96.027]",ほうそうします,放送します
1040,[动3],生产,せいさんします(生産します),"[96.278, 97.698]",せいさんします,生産します
1040,[动3],翻译，笔译,ほんやくします(翻訳します),"[98.394, 99.65]",ほんやくします,翻訳します
1040,[动3],发明,はつめいします(発明します),"[100.143, 101.529]",はつめいします,発明します
1041,[动1],保管，收存,あずかります(預かります),"[27.662, 28.971]",あずかります,預かります
1041,[动1],发觉，发现,きづきます(気づきます),"[29.226, 30.28]",きづきます,気づきます
1041,[动1],冰镇，冷却,ひやします(冷やします),"[31.449, 32.608]",ひやします,冷やします
1041,[动1],想起，想出,おもいだします(思い出します),"[33.01, 34.313]",おもいだします,思い出します
1041,[动2],说，告诉,つげます(告げます),"[34.791, 35.788]",つげます,告げます
1041,[动2],变冷；感觉凉,ひえます(冷えます),"[36.337, 37.308]",ひえます,冷えます
1041,[动2],相信，信任,しんじます(信じます),"[38.354, 39.525]",しんじます,信じます
1041,[动2],折，断；拐弯,おれます(折れます),"[39.974, 40.891]",おれます,折れます
1041,[动3],上班，出勤,しゅっきんします(出勤します),"[41.853, 43.371]",しゅっきんします,出勤します
1041,[动3],设定，设置,セットします,"[43.587, 44.893]",セットします,セットします
1041,[动3],讨论,けんとうします(検討します),"[45.821, 47.351]",けんとうします,検討します
1042,[动1],拉，拽,ひっぱります(引っ張ります),"[58.601, 59.894]",ひっぱります,引っ張ります
1042,[动1],想起，浮，浮现,うかびます(浮かびます),"[60.361, 61.466]",うかびます,浮かびます
1042,[动1],齐备，完备,ととのいます(整います),"[62.384, 63.731]",ととのいます,整います
1042,[动1],干，干燥,かわきます(乾きます),"[63.96, 65.074]",かわきます,乾きます
1042,[动1],生活,くらします(暮らします),"[65.634, 66.769]",くらします,暮らします
1042,[动2],回避，避免,さけます(避けます),"[67.056, 68.087]",さけます,避けます
1042,[动2],好卖，畅销,うれます(売れます),"[68.658, 69.586]",うれます,売れます
1042,[动2],感受，受到,うけます(受けます),"[69.895, 70.873]",うけます,受けます
1042,[动2],热，温,あたためます(温めます),"[71.503, 72.655]",あたためます,温めます
1042,[动3],理解,りかいします(理解します),"[73.093, 74.39]",りかいします,理解します
1042,[动3],建议，提案,ていあんします(提案します),"[75.432, 76.816]",ていあんします,提案します
1042,[动3],试作，试制,しさくします(試作します),"[77.144, 78.414]",しさくします,試作します
1042,[动3],经验，经历,けいけんします(経験します),"[78.902, 80.306]",けいけんします,経験します
1042,[动3],熟记，背诵,あんきします(暗記します),"[80.632, 81.763]",あんきします,暗記します
1042,[动3],早退,そうたいします(早退します),"[82.538, 84.075]",そうたいします,早退します
1042,[动3],(暂时)停职,きゅうしょくします(休職します),"[84.551, 85.918]",きゅうしょくします,休職します
1043,[动1],蔓延，拓宽,ひろがります(広がります),"[80.89, 82.211]",ひろがります,広がります
1043,[动1],返回，回到,もどります(戻ります),"[82.492, 83.697]",もどります,戻ります
1043,[动1],惊讶，吃惊,おどろきます(驚きます),"[83.922, 85.146]",おどろきます,驚きます
1043,[动2],别致，风趣；打扮得漂亮,しゃれます,"[85.382, 86.535]",しゃれます,しゃれます
1043,[动3],切实感受，真切感受,じっかんします(実感します),"[87.116, 88.734]",じっかんします,実感します
1144,[动1],加重，前进,すすみます(進みます),"[56.334, 57.489]",すすみます,進みます
1144,[动1],刷，擦,みがきます(磨きます),"[57.955, 59.075]",みがきます,磨きます
1144,[动1],天阴,くもります(曇ります),"[59.495, 60.549]",くもります,曇ります
1144,[动2],像，相似,にます(似ます),"[60.903, 61.732]",にます,似ます
1144,[动3],景观照明,ライトアップします,"[62.395, 64.059]",ライトアップします,ライトアップします
1144,[动3],普及,ふきゅうします(普及します),"[64.992, 66.4]",ふきゅうします,普及します
1144,[动3],避雨,あまやどりします(雨宿りします),"[67.074, 68.569]",あまやどりします,雨宿りします
1145,[动1],结束，完了,すみます(済みます),"[57.906, 58.982]",すみます,済みます
1145,[动1],堆积；积攒,つもります(積もります),"[59.636, 60.869]",つもります,積もります
1145,[动1],度过；生活,すごします(過ごします),"[61.083, 62.297]",すごします,過ごします
1145,[动1],微笑,ほほえみます,"[62.793, 64.098]",ほほえみます,ほほえみます
1145,[动1],延长,のばします(延ばします),"[64.416, 65.604]",のばします,延ばします
1145,[动2],搞完，办完,すませます(済ませます),"[66.094, 67.365]",すませます,済ませます
1145,[动2],枯萎；干燥,かれます(枯れます),"[67.728, 68.646]",かれます,枯れます
1145,[动3],发送，寄送,はっそうします(発送します),"[69.984, 71.395]",はっそうします,発送します
1145,[动3],紧张,きんちょうします(緊張します),"[71.813, 73.146]",きんちょうします,緊張します
1146,[动1],"(尊他)吃,喝",めしあがります(召し上がります),"[5.73, 7.125]",めしあがります,召し上がります
1146,[动1],"(尊他)看,读",ごらんになります(ご覧になります),"[7.653, 9.079]",ごらんになります,ご覧になります
1146,[动1],"(尊他)说,讲",おっしゃいます,"[9.493, 10.688]",おっしゃいます,おっしゃいます
1146,[动1],(尊他)去，来，在,いらっしゃいます,"[11.082, 12.271]",いらっしゃいます,いらっしゃいます
1146,[动1],(尊他)去，来，在,おいでになります,"[12.704, 14.144]",おいでになります,おいでになります
1146,[动1],"(尊他)做,干",なさいます,"[14.532, 15.758]",なさいます,なさいます
1146,[动1],(尊他)给,くださいます,"[16.209, 17.533]",くださいます,くださいます
1146,[动3],办理入住手续,チェックインします,"[18.078, 19.582]",チェックインします,チェックインします
1146,[动3],直接去，直达,ちょっこうします(直行します),"[20.46, 22.098]",ちょっこうします,直行します
1147,[动1],(自谦)去；来；问；拜访；请教,うかがいます(伺います),"[31.155, 32.353]",うかがいます,伺います
1147,[动1],(自谦)做，干,いたします,"[33.368, 34.52]",いたします,いたします
1147,[动1],(自谦)　来，去,まいります(参ります),"[34.912, 36.072]",まいります,参ります
1147,[动1],(自谦)吃，喝；得到,いただきます,"[36.693, 38.014]",いただきます,いただきます
1147,[动1],在,おります,"[38.369, 39.292]",おります,おります
1147,[动1],在，有，是,ございます,"[40.071, 41.258]",ございます,ございます
1147,[动2],(自谦)给,さしあげます(差し上げます),"[41.683, 43.105]",さしあげます,差し上げます
1147,[动2],(自谦)知道,ぞんじています(存じています),"[44.349, 45.868]",ぞんじています,存じています
1147,[动2],推进，使前进,すすめます(進めます),"[46.349, 47.559]",すすめます,進めます
1147,[动3],(自谦)看,はいけんします(拝見します),"[49.092, 50.64]",はいけんします,拝見します
1147,[动3],知道,しょうちします(承知します),"[50.857, 52.183]",しょうちします,承知します
1147,[动3],希望，期待,きたいします(期待します),"[54.064, 55.323]",きたいします,期待します
1147,[动3],帮助；照顾,せわします(世話します),"[55.89, 57.148]",せわします,世話します
10000,[动1],获得帮助；得救,たすかる（助かる）,"[2.473, 3.503]",たすかる,助かる
10000,[动1],跟上，跟上去,ついていく,"[9.805, 11.078]",ついていく,ついていく
10000,[动2],舔，含,なめる,"[44.326, 45.262]",なめる,なめる
10000,[动2],展开，扩大，扩展,ひろげる（広げる）,"[56.628, 57.785]",ひろげる,広げる
10000,[动1],沸腾，烧开,わく（沸く）,"[58.42, 59.268]",わく,沸く
10000,[动1],烧热，烧开,わかす（沸かす）,"[59.813, 60.81]",わかす,沸かす
10000,[动1],弄干，晾干,かわかす（乾かす）,"[62.738, 63.888]",かわかす,乾かす
10000,[动2],延伸，延长,のびる（延びる）,"[103.878, 104.663]",のびる,延びる
10000,[动3],经营,けいえいする（経営する）,"[107.182, 108.499]",けいえいする,経営する
10000,[动1],表示，表现，表达,あらわす（表す）,"[117.367, 118.373]",あらわす,表す
10000,[动2],炒,いためる（炒める）,"[146.505, 147.4]",いためる,炒める
10000,[动2],到来，来临，访问,おとずれる（訪れる）,"[155.467, 156.651]",おとずれる,訪れる
10000,[动2],养育，抚育，培养,そだてる（育てる）,"[157.141, 158.165]",そだてる,育てる
10000,[动3],修建，建设,けんせつする（建設する）,"[189.109, 190.478]",けんせつする,建設する
10000,[动1],上，登；进京,のぼる（上る）,"[191.012, 191.94]",のぼる,上る
10000,[动1],下，下去；到地方去,くだる（下る）,"[192.212, 193.116]",くだる,下る
10000,[动1],调拌，调开，溶解,とく（溶く）,"[215.585, 216.26]",とく,溶く
10000,[动2],优秀，卓越,すぐれる（優れる）,"[218.73, 219.936]",すぐれる,優れる
10000,[动2],流，流动，流淌,ながれる（流れる）,"[223.381, 224.347]",ながれる,流れる
10000,[动3],注目，注视,ちゅうもくする（注目する）,"[243.465, 244.798]",ちゅうもくする,注目する
10001,[动1],结冰，结冻,こおる（凍る）,"[17.609, 18.496]",こおる,凍る
10001,[动2],倾，倾斜；倾注,かたむける（傾ける）,"[49.7, 50.719]",かたむける,傾ける
10001,[动2],弄弯，歪曲,まげる（曲げる）,"[53.976, 54.875]",まげる,曲げる
10001,[动1],接，接收，接受,うけとる（受け取る）,"[58.162, 59.299]",うけとる,受け取る
10001,[动2],给，给予，给与,あたえる（与える）,"[72.692, 73.766]",あたえる,与える
10001,[动1],充满，包含,こもる,"[74.057, 74.97]",こもる,こもる
10001,[动1],传，传达；传播，流传,つたわる（伝わる）,"[77.04, 78.222]",つたわる,伝わる
10001,[动3],确认，核实,かくにんする（確認する）,"[91.749, 93.208]",かくにんする,確認する
10001,[动2],相隔，距离；分离，离开,はなれる（離れる）,"[95.324, 96.397]",はなれる,離れる
10001,[动1],让，让给；转让,ゆずる（譲る）,"[98.512, 99.521]",ゆずる,譲る
10001,[动1],达，及,およぶ（及ぶ）,"[100.075, 101.026]",およぶ,及ぶ
10001,[动2],惊愕，愕然，目瞪口呆,あきれる,"[102.658, 103.73]",あきれる,あきれる
10001,[动2],饱含，包括，包含；集中,こめる,"[113.827, 114.729]",こめる,こめる
10001,[动1],(时间)过，流逝，消逝,たつ（経つ）,"[116.499, 117.177]",たつ,経つ
10001,[动1],表现出，表示；出示,しめす（示す）,"[129.903, 130.852]",しめす,示す
10001,[动1],交往，来往,つきあう（付き合う）,"[141.267, 142.262]",つきあう,付き合う
10001,[动2],懒惰，懈怠,なまける（怠ける）,"[142.765, 143.92]",なまける,怠ける
10002,[动2],包括，含有，包含,ふくめる（含める）,"[1.671, 2.766]",ふくめる,含める
10002,[动1],参加，加，添加，增添,くわわる（加わる）,"[12.854, 14.056]",くわわる,加わる
10002,[动3],尊重,そんちょうする（尊重する）,"[39.95, 41.511]",そんちょうする,尊重する
10002,[动3],赴任，上任,ふにんする（赴任する）,"[42.141, 43.398]",ふにんする,赴任する
10002,[动1],指，指示,さす（指す）,"[112.262, 113.024]",さす,指す
10002,[动3],有关系，关系，关联,かんけいする（関係する）,"[129.124, 130.613]",かんけいする,関係する
10002,[动3],(商店)关门,へいてんする（閉店する）,"[157.485, 158.755]",へいてんする,閉店する
10002,[动2],放弃，断念，死心,あきらめる,"[165.526, 166.748]",あきらめる,あきらめる
10002,[动3],忽视，无视,むしする（無視する）,"[168.643, 169.707]",むしする,無視する
10002,[动1],超过，超出,うわまわる（上回る）,"[174.281, 175.346]",うわまわる,上回る
10002,[动1],不够……水平，在……以下,したまわる（下回る）,"[176.108, 177.395]",したまわる,下回る
10002,[动1],去世，死亡,なくなる（亡くなる）,"[179.721, 180.813]",なくなる,亡くなる
10002,[动3],发展；扩展,はってんする（発展する）,"[194.319, 195.72]",はってんする,発展する
10002,[动1],试；尝试；试验,ためす（試す）,"[200.359, 201.287]",ためす,試す
10002,[动2],融化；消融；溶化；熔化,とける（溶ける）,"[217.386, 218.201]",とける,溶ける
10002,[动3],学习,がくしゅうする（学習する）,"[222.54, 224.042]",がくしゅうする,学習する
10003,[动3],推荐,すいせんする（推薦する）,"[6.969, 8.355]",すいせんする,推薦する
10003,[动3],升学,しんがくする（進学する）,"[26.116, 27.412]",しんがくする,進学する
10003,[动1],落山；沉没；消沉,しずむ（沈む）,"[30.011, 30.989]",しずむ,沈む
10003,[动3],闯入，侵入,しんにゅうする（侵入する）,"[34.683, 36.222]",しんにゅうする,侵入する
10003,[动3],失望，灰心丧气,がっかりする,"[43.263, 44.681]",がっかりする,がっかりする
10003,[动1],做好，完成,できあがる（出来上がる）,"[48.775, 49.865]",できあがる,出来上がる
10003,[动1],引进，引入，导入,どうにゅうする（導入する）,"[72.868, 74.243]",どうにゅうする,導入する
10003,[动1],减少，减轻,へらす（減らす）,"[76.883, 77.773]",へらす,減らす
10003,[动3],实施，施行,じっしする（実施する）,"[80.268, 81.516]",じっしする,実施する
10003,[动2],制定，设置，设立,もうける（設ける）,"[98.045, 99.134]",もうける,設ける
10003,[动2],得到，取得,える（得る）,"[103.359, 103.929]",える,得る
10003,[动2],相比，比较，对比,くらべる（比べる）,"[107.754, 108.921]",くらべる,比べる
10003,[动1],追，赶；催逼,おう（追う）,"[109.366, 110.056]",おう,追う
10003,[动3],联想,れんそうする（連想する）,"[119.324, 120.886]",れんそうする,連想する
10003,[动1],经营；对待，处理,あつかう（扱う）,"[125.556, 126.644]",あつかう,扱う
10003,[动3],增加,ぞうかする（増加する）,"[127.144, 128.402]",ぞうかする,増加する
10003,[动1],保持，维持；保，保住,たもつ（保つ）,"[138.34, 139.314]",たもつ,保つ
10003,[动2],崩溃，毁坏,くずれる（崩れる）,"[139.791, 140.866]",くずれる,崩れる
10003,[动1],失去，丧失,うしなう（失う）,"[141.342, 142.507]",うしなう,失う
10003,[动3],弄清楚，讲清楚，阐明,かいめいする（解明する）,"[188.315, 189.733]",かいめいする,解明する
10003,[动3],恢复；康复,かいふくする（回復する）,"[192.629, 193.95]",かいふくする,回復する
10003,[动1],接近，迫近，临近,せまる（迫る）,"[194.882, 195.88]",せまる,迫る
10104,[动3],获奖，得奖,じゅしょうする（受賞する）,"[5.571, 6.853]",じゅしょうする,受賞する
10104,[动1],留下，剩下,のこす（残す）,"[57.09, 58.046]",のこす,残す
10104,[动3],解决,かいけつする（解決する）,"[61.287, 62.597]",かいけつする,解決する
10104,[动3],来源于，由来,ゆらいする（由来する）,"[66.109, 67.289]",ゆらいする,由来する
10104,[动2],缴纳，交纳；结束，完毕,おさめる（納める）,"[80.453, 81.487]",おさめる,納める
10104,[动2],增加，扩大；伸展，变长,のびる（伸びる）,"[96.61, 97.461]",のびる,伸びる
10104,[动3],划分，分类,ぶんるいする（分類する）,"[114.188, 115.654]",ぶんるいする,分類する
10104,[动2],分，分开，分解,わける（分ける）,"[123.352, 124.176]",わける,分ける
10104,[动2],引进，引入，采用,とりいれる（取り入れる）,"[127.155, 128.318]",とりいれる,取り入れる
10104,[动1],依据，根据，基于,もとづく（基づく）,"[130.663, 131.727]",もとづく,基づく
10104,[动2],组合，编到一起,くみあわせる（組み合わせる）,"[139.845, 141.272]",くみあわせる,組み合わせる
10104,[动2],煮，炖，熬，煨，焖,にる（煮る）,"[152.494, 153.209]",にる,煮る
10104,[动1],铺，垫,しく（敷く）,"[164.328, 165.187]",しく,敷く
10104,[动3],判断,はんだんする（判断する）,"[168.187, 169.444]",はんだんする,判断する
10104,[动3],发生,はっせいする（発生する）,"[197.437, 198.773]",はっせいする,発生する
10104,[动3],感动,かんどうする（感動する）,"[223.791, 225.161]",かんどうする,感動する
10104,[动3],大显身手，活跃,かつやくする（活躍する）,"[226.161, 227.433]",かつやくする,活躍する
10104,[动3],专攻，专修,せんこうする（専攻する）,"[233.105, 234.632]",せんこうする,専攻する
10104,[动3],工作，上班,きんむする（勤務する）,"[236.895, 238.078]",きんむする,勤務する
10105,[动3],信赖，相信,しんらいする（信頼する）,"[7.577, 8.885]",しんらいする,信頼する
10105,[动1],拖延，拖长,ながびく（長引く）,"[10.715, 11.778]",ながびく,長引く
10105,[动1],流行，时髦,はやる,"[36.443, 37.201]",はやる,はやる
10105,[动3],打扮，修饰,おしゃれする,"[38.469, 39.513]",おしゃれする,おしゃれする
10105,[动1],幸存，保住性命,いきのこる（生き残る）,"[47.105, 48.27]",いきのこる,生き残る
10105,[动2],病倒，倒下；倒塌；倒闭,たおれる（倒れる）,"[52.598, 53.437]",たおれる,倒れる
10105,[动3],解雇,かいこする（解雇する）,"[65.834, 66.887]",かいこする,解雇する
10105,[动2],端起，拿起，举起,もちあげる（持ち上げる）,"[90.844, 91.879]",もちあげる,持ち上げる
10105,[动1],尖，尖细；紧张；发怒,とがる,"[111.56, 112.299]",とがる,とがる
10105,[动1],涂，擦，抹,ぬる（塗る）,"[114.891, 115.703]",ぬる,塗る
10105,[动1],赠送，授予,おくる（贈る）,"[174.935, 175.855]",おくる,贈る
10105,[动3],调节，调整,ちょうせいする（調整する）,"[202.262, 203.493]",ちょうせいする,調整する
10105,[动2],弄响，扬起；立，竖,たてる（立てる）,"[228.924, 229.779]",たてる,立てる
10106,[动1],适合，相称，合适,あう（合う）,"[0, 0]",あう,合う
10106,[动3],征集，募集，招募,ぼしゅうする（募集する）,"[16.016, 17.403]",ぼしゅうする,募集する
10106,[动2],报道；采纳；拿起,とりあげる（取り上げる）,"[33.104, 34.398]",とりあげる,取り上げる
10106,[动3],延期,えんきする（延期する）,"[54.59, 55.745]",えんきする,延期する
10106,[动3],发达,はったつする（発達する）,"[62.089, 63.418]",はったつする,発達する
10106,[动3],转学，转校,てんこうする（転校する）,"[71.679, 73.065]",てんこうする,転校する
10106,[动2],添加，加入，补足,いれる（入れる）,"[113.015, 114.276]",いれる,入れる
10106,[动3],换行,かいぎょうする（改行する）,"[124.421, 125.62]",かいぎょうする,改行する
10106,[动2],空开，空出,あける,"[126.521, 127.387]",あける,あける
10106,[动2],加入，加上，增加,くわえる（加える）,"[158.507, 159.5]",くわえる,加える
10106,[动3],挑战,ちょうせんする（挑戦する）,"[177.92, 179.423]",ちょうせんする,挑戦する
10106,[动1],临近，接近，靠近,ちかづく（近づく）,"[180.074, 181.058]",ちかづく,近づく
10106,[动3],设置，安装；设立,せっちする（設置する）,"[187.92, 189.179]",せっちする,設置する
10106,[动1],积攒，积存,たまる,"[191.761, 192.572]",たまる,たまる
10106,[动3],演奏,えんそうする（演奏する）,"[195.249, 196.54]",えんそうする,演奏する
10107,[动1],集中；榨，挤,しぼる（絞る）,"[4.325, 5.161]",しぼる,絞る
10107,[动2],花费（精力），倾注（热情）,いれる（入れる）,"[6.059, 6.844]",いれる,入れる
10107,[动1],探访；探寻；试探,さぐる（探る）,"[11.421, 12.411]",さぐる,探る
10107,[动3],寄钱，汇款,そうきんする（送金する）,"[30.508, 31.816]",そうきんする,送金する
10107,[动3],交往，交际,こうさいする（交際する）,"[48.966, 50.253]",こうさいする,交際する
10107,[动1],交谈，商量，讨论,はなしあう（話し合う）,"[65.48, 66.708]",はなしあう,話し合う
10107,[动1],干劲十足，紧张；绷紧,はりきる（張り切る）,"[69.038, 70.1]",はりきる,張り切る
10107,[动3],招待,しょうたいする（招待する）,"[70.808, 72.094]",しょうたいする,招待する
10107,[动3],开，召开，举办,かいさいする（開催する）,"[72.952, 74.275]",かいさいする,開催する
10107,[动1],加入，注入,そそぐ（注ぐ）,"[85.168, 86.176]",そそぐ,注ぐ
10107,[动3],品尝，试餐,ししょくする（試食する）,"[98.401, 99.657]",ししょくする,試食する
10107,[动1],掰碎，弄碎，打碎,くだく（砕く）,"[107.332, 108.157]",くだく,砕く
10107,[动1],代替,かわる（代わる）,"[109.152, 110.037]",かわる,代わる
10107,[动3],销售，出售,はんばいする（販売する）,"[110.987, 112.253]",はんばいする,販売する
10107,[动3],坚信，确信,かくしんする（確信する）,"[112.975, 114.332]",かくしんする,確信する
10107,[动3],采用，采纳,さいようする（採用する）,"[118.353, 119.701]",さいようする,採用する
10107,[动2],滑落，滑下,すべりおちる（滑り落ちる）,"[120.389, 121.698]",すべりおちる,滑り落ちる
10107,[动2],赚钱，发财,もうける（儲ける）,"[127.586, 128.552]",もうける,儲ける
10107,[动1],遭遇，碰上,あう（遭う）,"[134.344, 134.992]",あう,遭う
10107,[动1],跳出，跑出；飞起,とびだす（飛び出す）,"[143.552, 144.443]",とびだす,飛び出す
10107,[动1],挨近，靠近,ちかよる（近寄る）,"[146.354, 147.251]",ちかよる,近寄る
10107,[动1],敲，打,うつ（打つ）,"[147.816, 148.467]",うつ,打つ
10107,[动1],一致；归纳；凑齐,まとまる,"[157.449, 158.55]",まとまる,まとまる
10107,[动1],溶解，溶化,とかす（溶かす）,"[166.391, 167.213]",とかす,溶かす
10107,[动1],拍照；描写；抄写,うつす（写す）,"[169.652, 170.406]",うつす,写す
10107,[动3],发射,はっしゃする（発射する）,"[183.066, 184.35]",はっしゃする,発射する
10107,[动1],不平衡；偏颇，偏袒,かたよる（偏る）,"[188.251, 189.107]",かたよる,偏る
10107,[动2],搭话，打招呼,はなしかける（話しかける）,"[191.835, 193.162]",はなしかける,話しかける
10208,[动2],破，撕破,やぶれる（破れる）,"[22.371, 23.349]",やぶれる,破れる
10208,[动1],弄破,やぶく（破く）,"[23.922, 24.76]",やぶく,破く
10208,[动1],呼叫，叫出,よびだす（呼び出す）,"[36.22, 37.243]",よびだす,呼び出す
10208,[动2],带口信，捎话，传话,ことづける,"[37.7, 38.721]",ことづける,ことづける
10208,[动1],预约；提出；申请,もうしこむ（申し込む）,"[55.569, 56.604]",もうしこむ,申し込む
10208,[动2],招呼，呼唤,よびかける（呼びかける）,"[90.372, 91.469]",よびかける,呼びかける
10208,[动1],不说话，不出声，沉默,だまる（黙る）,"[92.534, 93.476]",だまる,黙る
10208,[动1],埋上，埋藏,うまる（埋まる）,"[105.301, 106.089]",うまる,埋まる
10208,[动2],相通,あいつうじる（相通じる）,"[118.209, 119.601]",あいつうじる,相通じる
10208,[动3],结束，终了,しゅうりょうする（終了する）,"[132.289, 133.631]",しゅうりょうする,終了する
10208,[动3],求婚,プロポーズする,"[147.815, 149.094]",プロポーズする,プロポーズする
10208,[动1],喜欢，爱好,このむ（好む）,"[169.302, 170.208]",このむ,好む
10208,[动3],相通,あいつうずる（相通ずる）,"[171.035, 172.235]",あいつうずる,相通ずる
10208,[动2],做完，完成，结束,おえる（終える）,"[177.097, 178.068]",おえる,終える
10208,[动3],闭会，散会；闭幕,へいかいする（閉会する）,"[179.121, 180.303]",へいかいする,閉会する
10208,[动1],显眼，显著，引人注目,めだつ（目立つ）,"[199.754, 200.585]",めだつ,目立つ
10209,[动2],包含，算上,いれる（入れる）,"[8.739, 10.051]",いれる,入れる
10209,[动3],扫除，清扫,せいそうする（清掃する）,"[35.678, 37.145]",せいそうする,清掃する
10209,[动1],计划，安排，编制，编排,くむ（組む）,"[37.685, 38.347]",くむ,組む
10209,[动3],来（我）公司,らいしゃする（来社する）,"[42.259, 43.472]",らいしゃする,来社する
10209,[动3],合作，协作，配合,きょうりょくする（協力する）,"[44.135, 45.432]",きょうりょくする,協力する
10209,[动3],试穿,しちゃくする（試着する）,"[47.603, 48.733]",しちゃくする,試着する
10209,[动3],发信号，递暗号,あいずする（合図する）,"[60.15, 61.212]",あいずする,合図する
10209,[动1],解，解答，解明,とく（解く）,"[63.369, 64.095]",とく,解く
10209,[动2],喷涌，喷出，涌出,わきでる（湧き出る）,"[78.131, 79.117]",わきでる,湧き出る
10209,[动1],包含，含有,ふくむ（含む）,"[81.337, 82.169]",ふくむ,含む
10209,[动1],混浊，污浊,にごる（濁る）,"[84.469, 85.278]",にごる,濁る
10209,[动2],换，改变,かえる（変える）,"[93.418, 94.223]",かえる,変える
10209,[动1],浸泡，泡澡,つかる,"[98.387, 99.35]",つかる,つかる
10209,[动3],放松，松弛；轻松,リラックスする,"[100.15, 101.458]",リラックスする,リラックスする
10209,[动2],招徕，吸引,あつめる（集める）,"[101.852, 103.055]",あつめる,集める
10209,[动3],住宿，投宿,しゅくはくする（宿泊する）,"[103.799, 105.25]",しゅくはくする,宿泊する
10209,[动1],享受，欣赏,たのしむ（楽しむ）,"[122.287, 123.307]",たのしむ,楽しむ
10209,[动1],冲走，冲刷,ながす（流す）,"[138.141, 139.041]",ながす,流す
10209,[动1],医治，治疗,いやす,"[152.042, 152.889]",いやす,いやす
10209,[动3],预防,よぼうする（予防よぼう）,"[160.428, 161.707]",よぼうする,予防よぼう
10209,[动1],重整，重建,たてなおす（立て直す）,"[162.316, 163.495]",たてなおす,立て直す
10209,[动3],维持，保持,いじする（維持する）,"[164.438, 165.414]",いじする,維持する
10210,[动3],公映，公开，开映；开放,こうかいする（公開する）,"[3.778, 4.952]",こうかいする,公開する
10210,[动3],主演,しゅえんする（主演する）,"[10.963, 12.181]",しゅえんする,主演する
10210,[动1],成功，走运,あたる（当たる）,"[14.884, 15.683]",あたる,当たる
10210,[动3],评价,ひょうかする（評価する）,"[16.794, 17.795]",ひょうかする,評価する
10210,[动1],高涨，提高,たかまる（高まる）,"[18.554, 19.554]",たかまる,高まる
10210,[动3],区别，区分,くべつする（区別する）,"[24.274, 25.318]",くべつする,区別する
10210,[动2],接受，采纳,うけいれる（受け入れる）,"[26.043, 27.273]",うけいれる,受け入れる
10210,[动1],抓住，掌握住,つかむ,"[29.587, 30.531]",つかむ,つかむ
10210,[动3],提供,ていきょうする（提供する）,"[34.675, 35.882]",ていきょうする,提供する
10210,[动1],超过，超出,ぬく（抜く）,"[49.931, 50.712]",ぬく,抜く
10210,[动3],非常畅销，大受欢迎,ヒットする,"[52.982, 53.95]",ヒットする,ヒットする
10210,[动2],提高，抬高,たかめる（高める）,"[56.212, 57.127]",たかめる,高める
10210,[动1],扩大；传播，遍及,ひろまる（広まる）,"[57.539, 58.617]",ひろまる,広まる
10210,[动2],推广；扩大,ひろめる（広める）,"[59.131, 60.12]",ひろめる,広める
10210,[动1],强烈起来，强硬起来,つよまる（強まる）,"[60.453, 61.585]",つよまる,強まる
10210,[动2],加强，增强,つよめる（強める）,"[62.108, 63.04]",つよめる,強める
10210,[动1],变弱，衰弱,よわまる（弱まる）,"[63.578, 64.704]",よわまる,弱まる
10210,[动2],弱化，减弱,よわめる（弱める）,"[65.174, 66.06]",よわめる,弱める
10210,[动1],加深，变深,ふかまる（深まる）,"[66.585, 67.628]",ふかまる,深まる
10210,[动2],冲淡；稀释；淡化,うすめる（薄める）,"[74.337, 75.494]",うすめる,薄める
10210,[动1],通过；穿过，穿通,とおす,"[84.445, 85.2]",とおす,とおす
10210,[动3],下降，降低,ていかする（低下する）,"[89.505, 90.552]",ていかする,低下する
10210,[动1],损害，伤害,こわす（壊す）,"[106.263, 107.312]",こわす,壊す
10210,[动2],卖完，售罄,うりきれる（売り切れる）,"[108.343, 109.356]",うりきれる,売り切れる
10210,[动3],辞职,たいしょくする（退職する）,"[110.602, 111.932]",たいしょくする,退職する
10210,[动3],关于，有关,かんする（関する）,"[122.895, 123.903]",かんする,関する
10210,[动1],诞生，创作出，产生,うみだす（生み出す）,"[141.372, 142.356]",うみだす,生み出す
10210,[动3],获得,かくとくする（獲得する）,"[146.528, 147.86]",かくとくする,獲得する
10210,[动3],登场，出场,とうじょうする（登場する）,"[155.945, 157.176]",とうじょうする,登場する
10210,[动2],追赶；紧接着，紧跟着,おいかける（追いかける）,"[181.955, 182.963]",おいかける,追いかける
10210,[动2],向，朝，对,むける（向ける）,"[187.127, 188.088]",むける,向ける
10210,[动1],向，朝；适合，对路,むく（向く）,"[188.401, 189.21]",むく,向く
10210,[动3],相关，有关,かんれんする（関連）,"[192.528, 193.937]",かんれんする,関連
10210,[动1],背叛，违背,うらぎる（裏切る）,"[206.244, 207.245]",うらぎる,裏切る
10210,[动2],看见，看到,みかける（見かける）,"[211.467, 212.612]",みかける,見かける
10210,[动2],提高，抬高,あげる（上げる）,"[236.451, 237.389]",あげる,上げる
10210,[动3],发，分发，散发,はいふする（配布する）,"[247.262, 248.39]",はいふする,配布する
10210,[动3],生存,せいぞんする（生存する）,"[248.991, 250.423]",せいぞんする,生存する
10211,[动3],同行，一起去,どうこうする（同行する）,"[7.569, 8.911]",どうこうする,同行する
10211,[动3],写，作，制作,さくせいする（作成する）,"[40.264, 41.623]",さくせいする,作成する
10211,[动3],宣布，公布，公开,ひろうする（披露する）,"[42.247, 43.381]",ひろうする,披露する
10211,[动3],改变，变更，更改,へんこうする（変更する）,"[43.961, 45.215]",へんこうする,変更する
10211,[动1],拒绝，谢绝；预先通知,ことわる（断る）,"[66.291, 67.253]",ことわる,断る
10211,[动3],不足，不够，短缺,ふそくする（不足する）,"[69.874, 71.131]",ふそくする,不足する
10211,[动1],不一样，不同,ことなる（異なる）,"[79.221, 80.083]",ことなる,異なる
10211,[动2],投，扔，掷,なげる（投げる）,"[86.321, 87.219]",なげる,投げる
10211,[动3],解释，说明,かいしゃくする（解釈する）,"[87.859, 88.993]",かいしゃくする,解釈する
10211,[动1],扔回去，投回去,なげかえす（投げ返す）,"[89.566, 90.868]",なげかえす,投げ返す
10211,[动3],保管，管理,ほかんする（保管する）,"[91.611, 92.781]",ほかんする,保管する
10211,[动2],听错，误听,ききまちがえる（聞き間違える）,"[93.963, 95.373]",ききまちがえる,聞き間違える
10211,[动3],渗透，渗入,しんとうする（浸透する）,"[95.931, 97.226]",しんとうする,浸透する
10211,[动3],独立,どくりつする（独立する）,"[101.743, 103.057]",どくりつする,独立する
10211,[动2],陈述，叙述，说明,のべる（述べる）,"[103.671, 104.533]",のべる,述べる
10211,[动3],后悔,こうかいする（後悔する）,"[122.441, 123.707]",こうかいする,後悔する
10211,[动2],写错,かきまちがえる（書き間違える）,"[125.019, 126.566]",かきまちがえる,書き間違える
10211,[动2],说错,いいまちがえる（言い間違える）,"[127.983, 129.385]",いいまちがえる,言い間違える
10211,[动1],顶嘴；反复说,いいかえす（言い返す）,"[130.591, 131.795]",いいかえす,言い返す
10211,[动1],反问；反复问,ききかえす（聞き返す）,"[132.702, 133.882]",ききかえす,聞き返す
10211,[动1],回想，反省；再考虑一遍，重新考虑,おもいかえす（思い返す）,"[134.569, 135.898]",おもいかえす,思い返す
10211,[动3],登记，注册,とうろくする（登録する）,"[161.677, 163.043]",とうろくする,登録する
10211,[动1],支付，付款,しはらう（支払う）,"[166.752, 167.72]",しはらう,支払う
10211,[动1],取消，作废，撤销,とりけす（取り消す）,"[168.524, 169.669]",とりけす,取り消す
10211,[动2],约会，碰头,まちあわせる（待ち合わせる）,"[170.379, 171.61]",まちあわせる,待ち合わせる
10312,[动1],郑重其事，庄重,あらたまる（改まる）,"[3.128, 4.226]",あらたまる,改まる
10312,[动2],答应，接受；承担,ひきうける（引き受ける）,"[10.24, 11.477]",ひきうける,引き受ける
10312,[动1],遇见，碰上,であう（出会う）,"[15.385, 16.23]",であう,出会う
10312,[动1],醉，喝醉,よう（酔う）,"[26.015, 26.759]",よう,酔う
10312,[动3],带口信,でんごんする（伝言する）,"[36.959, 38.232]",でんごんする,伝言する
10312,[动3],出版,しゅっぱんする（出版する）,"[40.948, 42.223]",しゅっぱんする,出版する
10312,[动3],减少,げんしょうする（減少する）,"[51.312, 52.692]",げんしょうする,減少する
10312,[动3],对，对于,たいする（対する）,"[62.374, 63.35]",たいする,対する
10312,[动2],抑制，控制，节制,ひかえる（控える）,"[65.646, 66.638]",ひかえる,控える
10312,[动1],牵涉；连接；排列,つながる,"[68.972, 70.084]",つながる,つながる
10312,[动1],发展；走向追溯,たどる,"[89.662, 90.362]",たどる,たどる
10312,[动3],改善,かいぜんする（改善する）,"[96.781, 98.07]",かいぜんする,改善する
10312,[动1],留（头发），拉长，延长,のばす（伸ばす）,"[98.616, 99.481]",のばす,伸ばす
10312,[动2],申诉，诉说，呼吁,うったえる（訴える）,"[113.655, 114.754]",うったえる,訴える
10312,[动3],帮助，援助，支持,えんじょする（援助する）,"[115.932, 117.099]",えんじょする,援助する
10313,[动1],进（屋），上（楼）,あがる（上がる）,"[4.07, 5.053]",あがる,上がる
10313,[动2],工作，做事,つとめる（勤める）,"[16.449, 17.44]",つとめる,勤める
10313,[动1],问，打听,とう（問う）,"[87.874, 88.43]",とう,問う
10313,[动3],选择,せんたくする（選択する）,"[100.623, 101.939]",せんたくする,選択する
10313,[动3],突破，冲破,とっぱする（突破する）,"[104.737, 105.915]",とっぱする,突破する
10313,[动1],焦急，急躁，着急,あせる（焦る）,"[114.68, 115.448]",あせる,焦る
10313,[动3],到东京去，进京,じょうきょうする（上京する）,"[116.581, 118.045]",じょうきょうする,上京する
10313,[动2],躲藏，隐藏,かくれる（隠れる）,"[145.71, 146.722]",かくれる,隠れる
10313,[动3],重视,じゅうしする（重視する）,"[153.533, 154.77]",じゅうしする,重視する
10314,[动1],暖和，温暖,あたたまる（温まる）,"[14.371, 15.508]",あたたまる,温まる
10314,[动1],请客，做东；奢华,おごる,"[40.049, 40.992]",おごる,おごる
10314,[动1],改写，重新写；誊写,かきなおす（書き直す）,"[73.202, 74.581]",かきなおす,書き直す
10314,[动3],烹饪，调理,ちょうりする（調理する）,"[89.801, 91.007]",ちょうりする,調理する
10314,[动2],放，搁；载，登载,のせる（載せる）,"[91.497, 92.48]",のせる,載せる
10314,[动3],就座，入座，就席,ちゃくせきする（着席する）,"[110.887, 112.352]",ちゃくせきする,着席する
10314,[动3],逮捕,たいほする（逮捕する）,"[122.902, 123.996]",たいほする,逮捕する
10314,[动3],使用,しようする（使用する）,"[124.726, 126.02]",しようする,使用する
10314,[动3],诊断；判断,しんだんする（診断する）,"[129.487, 130.959]",しんだんする,診断する
10314,[动2],落选，不及格,おちる（落ちる）,"[135.717, 136.995]",おちる,落ちる
10314,[动1],隐藏，隐蔽,かくす（隠す）,"[143.799, 144.679]",かくす,隠す
10314,[动1],结（果实）,なる,"[169.905, 170.623]",なる,なる
10314,[动1],发生，引起,おこる（起こる）,"[171.291, 172.108]",おこる,起こる
10315,[动1],祝愿，祈求,いのる（祈る）,"[8.591, 9.478]",いのる,祈る
10315,[动2],断绝关系；断开，中断,きれる（切れる）,"[15.722, 16.547]",きれる,切れる
10315,[动2],分手，离别,わかれる（別れる）,"[17.075, 18.161]",わかれる,別れる
10315,[动1],邀请，招待，款待,まねく（招く）,"[21.217, 22.115]",まねく,招く
10315,[动1],互助，互相帮助,たすけあう（助け合う）,"[23.077, 24.13]",たすけあう,助け合う
10315,[动2],弄暖和；加热，加温,あたためる（暖める）,"[26.193, 27.415]",あたためる,暖める
10315,[动2],举行，举办,あげる（挙げる）,"[53.317, 54.163]",あげる,挙げる
10315,[动1],限于，只限；限定，限制,かぎる（限る）,"[57.179, 58.09]",かぎる,限る
10315,[动3],举行（结婚）仪式,きょしきする（挙式する）,"[61.118, 62.313]",きょしきする,挙式する
10315,[动2],占，占据；占领,しめる（占める）,"[74.382, 75.242]",しめる,占める
10315,[动2],担任；当，扮演,つとめる（務める）,"[80.542, 81.681]",つとめる,務める
10315,[动3],移动,いどうする（移動する）,"[97.701, 98.918]",いどうする,移動する
10315,[动1],追求,おう（追う）,"[112.042, 112.879]",おう,追う
10315,[动3],支持,しじする（支持する）,"[127.788, 128.872]",しじする,支持する
10416,[动1],销售，促销，推销,うりこむ（売り込む）,"[8.394, 9.515]",うりこむ,売り込む
10416,[动3],试饮,しいんする（試飲する）,"[11.784, 13.207]",しいんする,試飲する
10416,[动1],跳入，跳进,とびこむ（飛び込む）,"[36.288, 37.219]",とびこむ,飛び込む
10416,[动1],抛，扔；放弃，弃之不顾,ほうる（放る）,"[37.865, 39.292]",ほうる,放る
10416,[动1],投进，投入，扔进,なげこむ（投げ込む）,"[39.557, 40.997]",なげこむ,投げ込む
10416,[动1],扔进，投入,ほうりこむ（放り込む）,"[41.749, 42.96]",ほうりこむ,放り込む
10416,[动1],带入，带进,もちこむ（持ち込む）,"[43.513, 44.335]",もちこむ,持ち込む
10416,[动1],流入，流进,ながれこむ（流れ込む）,"[44.884, 46.306]",ながれこむ,流れ込む
10416,[动1],潜入，钻入；躲入,もぐりこむ（潜り込む）,"[46.728, 47.859]",もぐりこむ,潜り込む
10416,[动1],掉入，掉进,おちこむ（落ち込む）,"[48.55, 49.719]",おちこむ,落ち込む
10416,[动1],重看，重新审视，另眼相看,みなおす（見直す）,"[62.167, 63.213]",みなおす,見直す
10416,[动3],存在,そんざいする（存在する）,"[84.25, 85.569]",そんざいする,存在する
10416,[动1],追溯，上溯,さかのぼる,"[86.008, 87.652]",さかのぼる,さかのぼる
10416,[动1],围绕，包围，围拢,とりかこむ（取り囲む）,"[93.948, 94.987]",とりかこむ,取り囲む
10416,[动1],磨快；磨光亮；淘,とぐ（研ぐ）,"[113.658, 114.159]",とぐ,研ぐ
10416,[动3],改造，改建，改组,かいぞうする（改造する）,"[127.931, 129.513]",かいぞうする,改造する
10416,[动1],连接，拴，系,つなぐ,"[133.171, 134.001]",つなぐ,つなぐ
10416,[动3],指定,していする（指定する）,"[139.553, 141.238]",していする,指定する
10416,[动3],保存,ほぞんする（保存する）,"[141.519, 142.601]",ほぞんする,保存する
10416,[动3],并存，混在一起,こんざいする（混在する）,"[142.986, 144.929]",こんざいする,混在する
10416,[动2],仰望，往上看,みあげる（見上げる）,"[155.059, 156.133]",みあげる,見上げる
10416,[动3],报名参加，应征；应募,おうぼする（応募する）,"[170.236, 171.151]",おうぼする,応募する
10416,[动1],雕刻，雕，刻,ほる（彫る）,"[176.9, 177.411]",ほる,彫る
10416,[动1],抓住，逮捕,つかまる（捕まる）,"[180.081, 180.963]",つかまる,捕まる
10416,[动3],自杀,じさつする（自殺する）,"[183.648, 184.852]",じさつする,自殺する
10416,[动2],种，植，栽,うえる（植える）,"[202.629, 203.526]",うえる,植える
10416,[动1],缺，缺少,かかす（欠かす）,"[210.133, 211.052]",かかす,欠かす
10416,[动3],捐助，捐赠,きふする（寄付する）,"[225.746, 226.541]",きふする,寄付する
10416,[动3],获奖，得奖,にゅうしょうする（入賞する）,"[232.794, 234.05]",にゅうしょうする,入賞する
10416,[动1],沿，顺,そう（沿う）,"[236.425, 237.365]",そう,沿う
10417,[动3],再选，重选,さいせんする（再選する）,"[56.58, 58.492]",さいせんする,再選する
10417,[动3],登载，刊登,けいさいする（掲載する）,"[72.539, 74.025]",けいさいする,掲載する
10417,[动3],打算，想；知道，认识,ぞんずる（存ずる）,"[90.745, 91.744]",ぞんずる,存ずる
10417,[动1],原谅，宽恕；允许，容许,ゆるす（許す）,"[94.154, 94.988]",ゆるす,許す
10417,[动3],索要，请求，要求，索取,せいきゅうする（請求する）,"[120.748, 122.094]",せいきゅうする,請求する
10417,[动3],寄送，发送，寄出,そうふする（送付する）,"[124.31, 125.77]",そうふする,送付する
10417,[动2],询问，问，打听,といあわせる（問い合わせる）,"[130.927, 132.437]",といあわせる,問い合わせる
10417,[动3],合并,がっぺいする（合併する）,"[193.869, 195.476]",がっぺいする,合併する
10417,[动2],越过，翻过,こえる（超える）,"[206.24, 206.969]",こえる,超える
10417,[动3],做记录，做笔记,メモする,"[207.612, 208.662]",メモする,メモする
10417,[动1],请求，要求，拜托,ねがう（願う）,"[232.372, 233.459]",ねがう,願う
10418,[动3],绕道，绕远,とおまわりする（遠回りする）,"[31.621, 33.179]",とおまわりする,遠回りする
10418,[动1],烦恼，苦恼,なやむ（悩む）,"[34.88, 35.74]",なやむ,悩む
10418,[动3],绝交,ぜっこうする（絶交する）,"[40.134, 41.442]",ぜっこうする,絶交する
10418,[动3],反省，反思,はんせいする（反省する）,"[41.939, 43.019]",はんせいする,反省する
10418,[动3],完成，完毕,かんりょうする（完了する）,"[43.657, 44.982]",かんりょうする,完了する
10418,[动3],留级,りゅうねんする（留年する）,"[45.498, 46.647]",りゅうねんする,留年する
10418,[动2],暴晒，毒晒,てりつける（照りつける）,"[53.337, 54.53]",てりつける,照りつける
10418,[动1],重做,やりなおす（やり直す）,"[58.342, 59.474]",やりなおす,やり直す
10418,[动2],完成，做成,しあげる（仕上げる）,"[60.983, 62.312]",しあげる,仕上げる
10418,[动3],处理，解决,しょりする（処理する）,"[94.319, 95.336]",しょりする,処理する
10418,[动2],装到，装满，填满；挤紧,つめる（詰める）,"[96.113, 96.806]",つめる,詰める
10418,[动1],去除，除去,とりのぞく（取り除く）,"[117.803, 118.91]",とりのぞく,取り除く
10418,[动1],随着，伴随；跟随；符合,ともなう（伴う）,"[125.265, 126.15]",ともなう,伴う
10418,[动3],通过,つうかする（通過する）,"[131.879, 132.904]",つうかする,通過する
10418,[动1],渗进，渗透，浸入,しみこむ（染み込む）,"[135.023, 135.866]",しみこむ,染み込む
10418,[动3],通过,かけつする（可決する）,"[154.067, 155.251]",かけつする,可決する
10418,[动3],重视，强调,きょうちょうする（強調する）,"[160.815, 161.951]",きょうちょうする,強調する
10418,[动1],向着，朝着,めざす（目指す）,"[169.754, 170.529]",めざす,目指す
10418,[动3],继续,けいぞくする（継続する）,"[178.707, 179.989]",けいぞくする,継続する
10418,[动1],依靠，依赖,たよる（頼る）,"[185.377, 186.052]",たよる,頼る
10418,[动2],承认，认可,みとめる（認める）,"[202.202, 203.171]",みとめる,認める
10418,[动3],复旧,ふっきゅうする（復旧する）,"[204.032, 205.345]",ふっきゅうする,復旧する
10418,[动3],写入，填写,きにゅうする（記入する）,"[215.818, 217.022]",きにゅうする,記入する
10418,[动3],缩短,たんしゅくする（短縮する）,"[223.961, 225.138]",たんしゅくする,短縮する
10419,[动3],解约，解除合同，废约,かいやくする（解約する）,"[3.924, 5.126]",かいやくする,解約する
10419,[动2],气馁，消沉，颓丧；扭，挫伤,くじける,"[5.716, 6.627]",くじける,くじける
10419,[动1],撞，轧,ひく,"[27.07, 27.821]",ひく,ひく
10419,[动3],打分，判分，判卷,さいてんする（採点する）,"[33.039, 34.291]",さいてんする,採点する
10419,[动3],进展，前进,ぜんしんする（前進する）,"[39.552, 40.78]",ぜんしんする,前進する
10419,[动3],发车，开车,はっしゃする（発車する）,"[41.432, 42.645]",はっしゃする,発車する
10419,[动3],紧急停车,きゅうていしゃする（急停車する）,"[43.234, 44.611]",きゅうていしゃする,急停車する
10419,[动3],苦心，费心,くしんする（苦心する）,"[47.191, 48.248]",くしんする,苦心する
10419,[动1],站起来,たちあがる（立ち上がる）,"[49.063, 50.261]",たちあがる,立ち上がる
10419,[动3],追加,ついかする（追加する）,"[54.918, 55.972]",ついかする,追加する
10419,[动1],醉酒,よっぱらう（酔っ払う）,"[72.769, 73.889]",よっぱらう,酔っ払う
10419,[动3],上班,しゅっしゃする（出社する）,"[76.158, 77.355]",しゅっしゃする,出社する
10419,[动1],战斗，斗争,たたかう（戦う）,"[94.455, 95.533]",たたかう,戦う
10419,[动3],制定,せいていする（制定する）,"[109.531, 111.087]",せいていする,制定する
10419,[动3],缓解，解除，取消，消灭,かいしょうする（解消する）,"[121.565, 122.93]",かいしょうする,解消する
10419,[动3],爱好,あいこうする（愛好する）,"[126.569, 127.717]",あいこうする,愛好する
10419,[动3],推广，促进，推进,すいしんする（推進する）,"[129.878, 131.364]",すいしんする,推進する
10419,[动2],使起作用，供使用,やくだてる（役立てる）,"[131.978, 133.172]",やくだてる,役立てる
10419,[动1],相关，关联,かかわる（関わる）,"[142.089, 143.107]",かかわる,関わる
10419,[动3],减轻,けいげんする（軽減する）,"[146.972, 148.294]",けいげんする,軽減する
10419,[动1],完成，实现，实行,はたす（果たす）,"[155.86, 157.015]",はたす,果たす
10419,[动1],点头,うなずく,"[180.982, 181.962]",うなずく,うなずく
10419,[动1],错误，做错,まちがう（間違う）,"[187.679, 188.525]",まちがう,間違う
10419,[动2],渡过；跨过；越过,のりこえる（乗り越える）,"[192.755, 194.08]",のりこえる,乗り越える
10419,[动1],阻挡，遮挡，遮住，挡住,さえぎる（遮る）,"[211.208, 212.384]",さえぎる,遮る
10419,[动3],爱用，喜欢用,あいようする（愛用する）,"[218.288, 219.463]",あいようする,愛用する
10419,[动3],倍增,ばいぞうする（倍増する）,"[236.988, 238.437]",ばいぞうする,倍増する
10419,[动3],混乱，杂乱，拥挤,こんざつする（混雑する）,"[241.844, 243.011]",こんざつする,混雑する
10520,[动3],发酵，陈年，成熟,じゅくせいする（熟成する）,"[8.903, 10.207]",じゅくせいする,熟成する
10520,[动2],总共，合计，合并；配合,あわせる（合わせる）,"[19.22, 20.152]",あわせる,合わせる
10520,[动3],附带奉送，廉价出售,サービスする,"[24.732, 25.991]",サービスする,サービスする
10520,[动1],剩余，剩下；过分,あまる（余る）,"[42.292, 43.326]",あまる,余る
10520,[动2],打卷儿，卷缩,めくれる,"[46.631, 47.8]",めくれる,めくれる
10520,[动3],繁殖,はんしょくする（繁殖する）,"[57.627, 59.188]",はんしょくする,繁殖する
10520,[动1],闪亮，放光，辉耀,かがやく（輝く）,"[59.678, 60.616]",かがやく,輝く
10520,[动1],品味，品尝,あじわう（味わう）,"[75.826, 76.962]",あじわう,味わう
10520,[动3],成立，完成,せいりつする（成立する）,"[79.224, 80.53]",せいりつする,成立する
10520,[动3],发酵,はっこうする（発酵する）,"[104.366, 106.133]",はっこうする,発酵する
10520,[动3],晾干，晒干，干燥,かんそうする（乾燥する）,"[107.878, 109.26]",かんそうする,乾燥する
10520,[动3],赔，赔偿,べんしょうする（弁償する）,"[120.756, 121.877]",べんしょうする,弁償する
10520,[动2],使柔和，使缓和,やわらげる（和らげる）,"[134.176, 135.199]",やわらげる,和らげる
10520,[动3],栽培,さいばいする（栽培する）,"[140.893, 142.142]",さいばいする,栽培する
10520,[动2],用，使用,もちいる（用いる）,"[176.592, 177.542]",もちいる,用いる
10520,[动1],学习，模仿,まなぶ（学ぶ）,"[189.775, 190.824]",まなぶ,学ぶ
10520,[动3],信仰,しんこうする（信仰する）,"[191.655, 192.918]",しんこうする,信仰する
10520,[动3],统一,とういつする（統一する）,"[196.88, 198.154]",とういつする,統一する
10520,[动3],专心，专心致志,せんねんする（専念する）,"[205.75, 207.009]",せんねんする,専念する
10520,[动3],忍耐,がまんする（我慢する）,"[224.686, 225.834]",がまんする,我慢する
10520,[动3],通用，兼用,つうようする（通用する）,"[226.044, 227.811]",つうようする,通用する
10520,[动2],奉献，贡献,ささげる（捧げる）,"[246.093, 247.199]",ささげる,捧げる
10520,[动3],指出,してきする（指摘する）,"[248.216, 249.538]",してきする,指摘する
10521,[动1],知道，敬悉,うけたまわる（承る）,"[3.823, 5.089]",うけたまわる,承る
10521,[动1],不在；离开；摘下，去除,はずす（外す）,"[10.104, 11.2]",はずす,外す
10521,[动1],折回，返回,おりかえす（折り返す）,"[11.946, 13.341]",おりかえす,折り返す
10521,[动3],充实,じゅうじつする（充実する）,"[68.556, 69.976]",じゅうじつする,充実する
10521,[动3],满载，装满,まんさいする（満載する）,"[70.236, 71.528]",まんさいする,満載する
10521,[动3],装载,とうさいする（搭載する）,"[86.834, 88.194]",とうさいする,搭載する
10521,[动1],喊叫，大声叫,さけぶ（叫ぶ）,"[136.509, 137.392]",さけぶ,叫ぶ
10521,[动1],想，希望,のぞむ（望む）,"[154.917, 156.019]",のぞむ,望む
10521,[动3],避难，逃生,ひなんする（避難する）,"[165.715, 166.648]",ひなんする,避難する
10521,[动2],溺水，淹没,おぼれる,"[168.728, 169.666]",おぼれる,おぼれる
10521,[动2],衰弱,おとろえる（衰える）,"[180.858, 181.964]",おとろえる,衰える
10521,[动1],拘泥,こだわる,"[182.592, 183.669]",こだわる,こだわる
10521,[动1],称，测量,はかる（量る）,"[222.684, 223.617]",はかる,量る
10521,[动3],执行，实践,じっこうする（実行する）,"[223.991, 225.41]",じっこうする,実行する
10522,[动1],映，照,うつる（映る）,"[3.996, 4.998]",うつる,映る
10522,[动1],装载,つむ（積む）,"[8.921, 10.218]",つむ,積む
10522,[动2],昌盛繁荣，繁荣兴盛，兴旺,さかえる（栄える）,"[15.385, 16.992]",さかえる,栄える
10522,[动3],面向，面对,めんする（面する）,"[22.078, 23.755]",めんする,面する
10522,[动1],登载，记载,のる（載る）,"[27.885, 28.959]",のる,載る
10522,[动1],顺路到，顺便到；走近,たちよる（立ち寄る）,"[32.338, 33.183]",たちよる,立ち寄る
10522,[动2],触摸，碰,ふれる（触れる）,"[46.139, 47.061]",ふれる,触れる
10522,[动2],隔开，分开,へだてる（隔てる）,"[66.047, 67.098]",へだてる,隔てる
10522,[动1],相邻，邻接，挨着,となりあう（隣り合う）,"[67.64, 68.775]",となりあう,隣り合う
10522,[动3],移居,いじゅうする（移住する）,"[90.586, 91.997]",いじゅうする,移住する
10522,[动1],巡游,めぐる（巡る）,"[93.948, 95.666]",めぐる,巡る
10522,[动3],来日本,らいにちする（来日する）,"[102.688, 104.265]",らいにちする,来日する
10522,[动3],诞生,たんじょうする（誕生する）,"[106.975, 108.417]",たんじょうする,誕生する
10522,[动3],漂流,ひょうりゅうする（漂流する）,"[113.932, 115.693]",ひょうりゅうする,漂流する
10522,[动1],施加，施,ほどこす（施す）,"[162.48, 163.317]",ほどこす,施す
10522,[动1],瞠目结舌；监视，看守,みはる（見張る）,"[167.463, 168.6]",みはる,見張る
10522,[动2],看厌，看腻,みあきる（見飽きる）,"[172.692, 173.739]",みあきる,見飽きる
10522,[动2],腻烦，厌烦，厌倦,あきる（飽きる）,"[220.932, 221.658]",あきる,飽きる
10522,[动2],吃腻,たべあきる（食べ飽きる）,"[222.498, 224.058]",たべあきる,食べ飽きる
10522,[动2],听腻,ききあきる（聞き飽きる）,"[224.523, 225.597]",ききあきる,聞き飽きる
10522,[动3],描写,びょうしゃする（描写する）,"[237.906, 239.328]",びょうしゃする,描写する
10522,[动2],推进,おしすすめる（推し進める）,"[245.784, 247.314]",おしすすめる,推し進める
10522,[动3],适合，适切,てきする（適する）,"[247.925, 248.774]",てきする,適する
10522,[动1],挤满，填满,うめつくす（埋め尽くす）,"[265.068, 266.299]",うめつくす,埋め尽くす
10523,[动2],看，眺望，观看,ながめる（眺める）,"[5.314, 6.466]",ながめる,眺める
10523,[动3],停泊,ていはくする（停泊する）,"[12.541, 13.634]",ていはくする,停泊する
10523,[动3],修改，修正,しゅうせいする（修正する）,"[20.471, 22.314]",しゅうせいする,修正する
10523,[动1],钓，钓鱼,つる（釣る）,"[30.458, 31.482]",つる,釣る
10523,[动1],增加,ふやす（増やす）,"[40.091, 40.912]",ふやす,増やす
10523,[动1],适合；适用,あてはまる（当てはまる）,"[47.04, 48.02]",あてはまる,当てはまる
10523,[动1],横过，横穿过,よこぎる（横切る）,"[60.596, 61.949]",よこぎる,横切る
10523,[动1],成立,なりたつ（成り立つ）,"[65.911, 66.765]",なりたつ,成り立つ
10523,[动3],重新建设,さいけんする（再建する）,"[69.445, 70.789]",さいけんする,再建する
10523,[动1],测量，测算,はかる（測る）,"[74.987, 76.475]",はかる,測る
10523,[动2],伤害，弄伤,きずつける（傷つける）,"[76.976, 77.947]",きずつける,傷つける
10523,[动3],激烈，紧迫，紧张,きんぱくする（緊迫する）,"[82.407, 83.892]",きんぱくする,緊迫する
10523,[动3],打断，中断,ちゅうだんする（中断する）,"[85.002, 86.537]",ちゅうだんする,中断する
10523,[动3],运营，经营，管理,うんえいする（運営する）,"[91.563, 92.885]",うんえいする,運営する
10523,[动3],对立,たいりつする（対立する）,"[102.254, 103.399]",たいりつする,対立する
10523,[动1],亲近；喜好,したしむ（親しむ）,"[109.816, 110.882]",したしむ,親しむ
10523,[动3],起用，任用,きようする（起用する）,"[113.072, 114.088]",きようする,起用する
10523,[动3],出演,しゅつえんする（出演する）,"[116.305, 117.683]",しゅつえんする,出演する
10523,[动2],制作，做完,つくりあげる（作り上げる）,"[121.385, 122.963]",つくりあげる,作り上げる
10523,[动3],传达，发信,はっしんする（発信する）,"[127.066, 128.369]",はっしんする,発信する
10523,[动3],感到麻烦，遭受烦扰,めいわくする（迷惑する）,"[143.443, 145.099]",めいわくする,迷惑する
10523,[动3],错觉,さっかくする（錯覚する）,"[152.274, 153.855]",さっかくする,錯覚する
10523,[动3],声援，支援,おうえんする（応援する）,"[160.843, 162.161]",おうえんする,応援する
10523,[动3],买进，购入,こうにゅうする（購入する）,"[164.017, 165.598]",こうにゅうする,購入する
10523,[动2],担负，承担,かかえる（抱える）,"[176.326, 177.361]",かかえる,抱える
10523,[动1],倒，翻倒,ひっくりかえる（引っくり返る）,"[188.931, 190.211]",ひっくりかえる,引っくり返る
10624,[动1],超过，胜过,こす（超す）,"[5.785, 7.348]",こす,超す
10624,[动2],订；抓住；把握，掌控；压，按,おさえる（押さえる）,"[9.535, 10.831]",おさえる,押さえる
10624,[动3],定婚，婚约,こんやくする（婚約する）,"[32.011, 33.17]",こんやくする,婚約する
10624,[动2],劝，劝告，推荐,すすめる,"[34.082, 35.125]",すすめる,すすめる
10624,[动1],留，使……生长,はやす（生やす）,"[46.527, 47.371]",はやす,生やす
10624,[动2],乱，不平静,みだれる（乱れる）,"[49.839, 50.706]",みだれる,乱れる
10624,[动3],警告,けいこくする（警告する）,"[63.171, 64.529]",けいこくする,警告する
10624,[动3],练习，训练，锻炼,トレーニングする,"[89.293, 90.754]",トレーニングする,トレーニングする
10624,[动2],数，计算，列举,かぞえる（数える）,"[103.763, 104.748]",かぞえる,数える
10624,[动2],适应，接受，回答，答应,おうじる（応じる）,"[111.156, 111.991]",おうじる,応じる
10624,[动1],卷，卷起,まく（巻く）,"[119.907, 120.721]",まく,巻く
10624,[动2],腌，浸，泡，浸泡,つける（漬ける）,"[131.443, 132.126]",つける,漬ける
10624,[动3],设计，规划,こうあんする（考案する）,"[137.597, 139.0]",こうあんする,考案する
10624,[动1],绞尽脑汁，凝，集中,こらす,"[139.79, 141.005]",こらす,こらす
10624,[动3],改制，整理，排列，准备，安排,アレンジする,"[143.178, 144.48]",アレンジする,アレンジする
10624,[动1],适应，结合，符合,そくす（即す）,"[150.944, 152.068]",そくす,即す
10624,[动3],（出口以后）重又进口，再输入,ぎゃくゆにゅうする（逆輸入する）,"[157.385, 158.864]",ぎゃくゆにゅうする,逆輸入する
10624,[动1],穿过，贯彻,つらぬく（貫く）,"[168.022, 169.141]",つらぬく,貫く
10624,[动3],删除,さくじょする（削除する）,"[202.081, 203.419]",さくじょする,削除する
10624,[动1],束缚,しばる（縛る）,"[210.193, 210.872]",しばる,縛る
10624,[动3],缩小,しゅくしょうする（縮小する）,"[214.065, 215.336]",しゅくしょうする,縮小する
10624,[动3],认识,にんしきする（認識する）,"[236.172, 237.499]",にんしきする,認識する
10625,[动3],表彰,ひょうしょうする（表彰する）,"[5.651, 7.021]",ひょうしょうする,表彰する
10625,[动1],互爱，相互爱慕,あいしあう（愛し合う）,"[54.086, 55.167]",あいしあう,愛し合う
10625,[动1],影响到，波及，达到,およぼす（及ぼす）,"[82.291, 83.114]",およぼす,及ぼす
10625,[动3],排出，排放,はいしゅつする（排出する）,"[87.796, 89.423]",はいしゅつする,排出する
10625,[动3],吸收,きゅうしゅうする（吸収する）,"[94.104, 95.343]",きゅうしゅうする,吸収する
10625,[动3],骤减，剧减,げきげんする（激減する）,"[98.873, 100.324]",げきげんする,激減する
10625,[动2],采取，寻求，谋求；讲说，朗读,こうじる（講じる）,"[108.206, 109.22]",こうじる,講じる
10625,[动3],确保,かくほする（確保する）,"[131.97, 133.398]",かくほする,確保する
10625,[动1],打乱，拆散，搞乱,くずす（崩す）,"[145.234, 146.235]",くずす,崩す
10625,[动3],减半,はんげんする（半減する）,"[148.536, 149.956]",はんげんする,半減する
10625,[动1],涌现，产生；涌出，冒出,わく（湧く）,"[163.6, 164.401]",わく,湧く
10626,[动3],主办，举办,しゅさいする（主催する）,"[0.385, 1.538]",しゅさいする,主催する
10626,[动2],停，停泊，停放,とめる（停める）,"[13.582, 14.626]",とめる,停める
10626,[动1],凹陷，凹下，陷下；屈服,へこむ（凹む）,"[15.36, 16.191]",へこむ,凹む
10626,[动3],设立,せつりつする（設立する）,"[28.782, 30.076]",せつりつする,設立する
10626,[动3],妥协,だきょうする（妥協する）,"[32.173, 33.342]",だきょうする,妥協する
10626,[动1],完成，形成，构成；做，为,なす,"[35.672, 36.27]",なす,なす
10626,[动3],想象到，设想，设定，预定，预期,そうていする（想定する）,"[43.567, 45.163]",そうていする,想定する
10626,[动2],捉住，逮住；抓住,つかまえる（捕まえる）,"[78.582, 80.044]",つかまえる,捕まえる
10626,[动1],互相拥挤，乱作一团；推拿；揉搓,もむ,"[82.52, 83.71]",もむ,もむ
10626,[动3],更新,こうしんする（更新する）,"[88.978, 90.366]",こうしんする,更新する
10626,[动1],面临，面对,のぞむ（臨む）,"[93.371, 94.5]",のぞむ,臨む
10626,[动2],填，应用，适用,あてはめる（当てはめる）,"[96.664, 97.981]",あてはめる,当てはめる
10626,[动1],导出，引出，推导,みちびきだす（導き出す）,"[98.581, 99.897]",みちびきだす,導き出す
10626,[动1],接连不断，相继，陆续,あいつぐ（相次ぐ）,"[102.298, 103.066]",あいつぐ,相次ぐ
10626,[动1],漫天飞舞，飞来飞去,とびかう（飛び交う）,"[108.11, 109.236]",とびかう,飛び交う
10626,[动3],密切，紧密,みっちゃくする（密着する）,"[113.076, 114.634]",みっちゃくする,密着する
10626,[动3],赠送，赠予,きぞうする（寄贈する）,"[135.393, 136.941]",きぞうする,寄贈する
10626,[动2],完善，完备,ととのえる（整える）,"[154.661, 157.669]",ととのえる,整える
10627,[动2],鼓励，打气,ゆうきづける（勇気づける）,"[6.707, 7.986]",ゆうきづける,勇気づける
10627,[动1],喜爱，疼爱,かわいがる,"[11.035, 12.096]",かわいがる,かわいがる
10627,[动1],炒糊，烧糊，烤焦,こがす（焦がす）,"[13.133, 14.677]",こがす,焦がす
10627,[动1],重做,つくりなおす（作り直す）,"[15.181, 16.544]",つくりなおす,作り直す
10627,[动1],建立；积累,きずく（築く）,"[18.991, 19.92]",きずく,築く
10627,[动1],能实现，如愿以偿,かなう,"[28.308, 29.477]",かなう,かなう
10627,[动1],卧床不起；熟睡,ねこむ（寝込む）,"[30.047, 31.241]",ねこむ,寝込む
10627,[动2],使振作，鼓劲，打气，使打起精神,げんきづける（元気づける）,"[31.744, 33.9]",げんきづける,元気づける
10627,[动2],使充满活力,かっきづける（活気づける）,"[33.9, 35.35]",かっきづける,活気づける
10627,[动2],诊断,みる（診る）,"[50.419, 51.593]",みる,診る
10627,[动3],相反；违反,はんする（反する）,"[86.94, 88.62]",はんする,反する
10627,[动3],控制，操纵，驾驭,せいぎょする（制御する）,"[90.786, 92.057]",せいぎょする,制御する
10627,[动1],潜入，钻过，钻入,もぐる（潜る）,"[98.941, 100.401]",もぐる,潜る
10627,[动1],毁灭，使灭亡,ほろぼす（滅ぼす）,"[130.047, 131.033]",ほろぼす,滅ぼす
10627,[动3],中途退学,ちゅうたいする（中退する）,"[140.16, 141.261]",ちゅうたいする,中退する
10627,[动2],准备，防备,そなえる（備える）,"[149.273, 150.35]",そなえる,備える
10627,[动3],储藏,ちょぞうする（貯蔵する）,"[154.501, 155.685]",ちょぞうする,貯蔵する
10627,[动3],得分,とくてんする（得点する）,"[157.356, 158.805]",とくてんする,得点する
10627,[动3],落选,らくせんする（落選する）,"[161.997, 163.439]",らくせんする,落選する
10627,[动1],发挥，有效利用,いかす（生かす）,"[167.985, 168.793]",いかす,生かす
10627,[动3],混乱,こんらんする（混乱する）,"[180.213, 181.793]",こんらんする,混乱する
10728,[动3],领受，收到；吃,ちょうだいする（頂戴する）,"[20.577, 21.665]",ちょうだいする,頂戴する
10728,[动3],照顾，关怀，照料,はいりょする（配慮する）,"[22.201, 23.389]",はいりょする,配慮する
10728,[动2],换衣服，更衣,きがえる（着替える）,"[29.352, 30.306]",きがえる,着替える
10728,[动1],考上，考中，及格,うかる（受かる）,"[58.61, 59.807]",うかる,受かる
10728,[动1],四处飞散，洒落，飘洒，飞洒,とびちる（飛び散る）,"[82.295, 83.447]",とびちる,飛び散る
10728,[动1],塞满，挤满，堆满；堵塞，不通,つまる（詰まる）,"[86.913, 87.599]",つまる,詰まる
10728,[动3],搭乘,とうじょうする（搭乗する）,"[100.51, 101.873]",とうじょうする,搭乗する
10728,[动3],博得，获取，获得，得到,はくする（博する）,"[125.659, 126.405]",はくする,博する
10728,[动3],参加竞选，作候选人,りっこうほする（立候補する）,"[137.572, 138.979]",りっこうほする,立候補する
10728,[动3],兴奋，激动,こうふんする（興奮する）,"[144.551, 145.828]",こうふんする,興奮する
10728,[动3],调节，调剂，调整,ちょうせつする（調節する）,"[151.033, 152.218]",ちょうせつする,調節する
10728,[动3],登陆，登岸,じょうりくする（上陸する）,"[154.946, 156.187]",じょうりくする,上陸する
10728,[动1],赶上，追上；来得及,おいつく（追いつく）,"[164.642, 165.731]",おいつく,追いつく
10728,[动1],相识，结识,しりあう（知り合う）,"[169.064, 170.145]",しりあう,知り合う
10728,[动2],抛弃，离弃,みすてる（見捨てる）,"[172.635, 173.551]",みすてる,見捨てる
10729,[动1],在……之前；率先,さきだつ（先立つ）,"[4.374, 5.347]",さきだつ,先立つ
10729,[动2],看惯，看熟,みなれる（見慣れる）,"[8.705, 9.683]",みなれる,見慣れる
10729,[动3],提高，增高,アップする,"[35.165, 36.325]",アップする,アップする
10729,[动1],遵守，遵从，服从；跟随,したがう（従う）,"[64.92, 67.1]",したがう,従う
10729,[动2],涌过来，蜂拥而至,おしよせる（押し寄せる）,"[87.653, 89.212]",おしよせる,押し寄せる
10729,[动1],造成，招致，带来，带去,もたらす,"[90.887, 92.244]",もたらす,もたらす
10729,[动1],相互推挤，冲撞,おしあう（押し合う）,"[99.737, 100.558]",おしあう,押し合う
10729,[动2],承受，忍受，忍耐,たえる（耐える）,"[102.6, 103.517]",たえる,耐える
10729,[动2],错位，错开，移动；背离，偏离,ずれる,"[105.46, 106.466]",ずれる,ずれる
10729,[动3],位于，位置,いちする（位置する）,"[113.316, 114.323]",いちする,位置する
10729,[动3],开张，开业，开放,オープンする,"[123.85, 125.386]",オープンする,オープンする
10729,[动1],对打，互打,うちあう（打ち合う）,"[127.301, 128.441]",うちあう,打ち合う
10729,[动3],下车,げしゃする（下車する）,"[131.18, 132.171]",げしゃする,下車する
10729,[动1],互相说；各执一词；争论,いいあう（言い合う）,"[134.832, 135.957]",いいあう,言い合う
10729,[动1],炖，煮，煮熟，煮透,にこむ（煮込む）,"[138.32, 139.249]",にこむ,煮込む
10729,[动2],反复，多次；摞，叠放,かさねる（重ねる）,"[139.745, 140.756]",かさねる,重ねる
10729,[动3],反抗,はんこうする（反抗する）,"[141.313, 143.336]",はんこうする,反抗する
10729,[动3],团结,だんけつする（団結する）,"[155.723, 156.917]",だんけつする,団結する
10729,[动2],进攻，攻击,せめる（攻める）,"[157.269, 158.509]",せめる,攻める
10729,[动3],克服,こくふくする（克服する）,"[160.478, 162.39]",こくふくする,克服する
10730,[动3],新成立，新设，新设置，新开设,しんせつする（新設する）,"[1.923, 3.582]",しんせつする,新設する
10730,[动2],安慰，宽慰；慰问，慰劳,なぐさめる（慰める）,"[6.446, 7.659]",なぐさめる,慰める
10730,[动1],动身，出发；离开,たつ（発つ）,"[11.362, 11.963]",たつ,発つ
10730,[动1],打乱；发疯，疯狂；失常,くるう（狂う）,"[21.286, 21.918]",くるう,狂う
10730,[动1],擦，抹，拭，擦拭,ふく（拭く）,"[25.685, 26.496]",ふく,拭く
10730,[动2],组装，安装，装配,くみたてる（組み立てる）,"[39.292, 40.268]",くみたてる,組み立てる
10730,[动1],吃；咬，叮；吃饭；侵占,くう（食う）,"[52.363, 52.866]",くう,食う
10730,[动1],决心，决意，下狠心,おもいきる（思い切る）,"[55.495, 56.738]",おもいきる,思い切る
10730,[动2],系，束，系紧；结算,しめる（締める）,"[57.115, 57.918]",しめる,締める
10730,[动3],统治，指使，支配；控制,しはいする（支配する）,"[58.722, 60.2]",しはいする,支配する
10730,[动3],保证，担保，打保票,ほしょうする（保証する）,"[60.2, 61.396]",ほしょうする,保証する
10730,[动1],摄取，吸收；吮吸,すいとる（吸い取る）,"[63.74, 64.875]",すいとる,吸い取る
10730,[动2],撑起，支撑；支持,ささえる（支える）,"[92.29, 93.644]",ささえる,支える
10730,[动2],扎，束，捆；整顿,たばねる（束ねる）,"[96.291, 97.629]",たばねる,束ねる
10730,[动2],挂，吊，悬挂,つりさげる（つり下げる）,"[104.411, 105.347]",つりさげる,つり下げる
10730,[动1],摇晃，晃动,ゆらす（揺らす）,"[109.926, 111.114]",ゆらす,揺らす
10730,[动3],分解；拆分，分析,ぶんかいする（分解する）,"[130.832, 132.44]",ぶんかいする,分解する
10730,[动3],换，更换，更替，换班，轮换,こうたいする（交代する）,"[152.432, 154.688]",こうたいする,交代する
10730,[动3],传染,でんせんする（伝染する）,"[161.348, 162.686]",でんせんする,伝染する
10730,[动3],交货，缴纳物品,のうひんする（納品する）,"[179.255, 181.0]",のうひんする,納品する
10730,[动3],坦白，自白，告白,こくはくする（告白する）,"[191.843, 193.372]",こくはくする,告白する
10731,[动3],下班；辞职，退职,たいしゃする（退社する）,"[0.073, 1.316]",たいしゃする,退社する
10731,[动1],安定，镇静，沉着,おちつく（落ち着く）,"[2.114, 3.314]",おちつく,落ち着く
10731,[动1],鼓劲，鼓励，激励,はげます（励ます）,"[3.563, 4.56]",はげます,励ます
10731,[动3],录音,ろくおんする（録音する）,"[10.092, 11.829]",ろくおんする,録音する
10731,[动3],停电,ていでんする（停電する）,"[16.459, 17.901]",ていでんする,停電する
10731,[动1],讨厌，厌烦,きらう（嫌う）,"[18.554, 19.61]",きらう,嫌う
10731,[动3],否决,ひけつする（否決する）,"[36.479, 38.007]",ひけつする,否決する
10731,[动1],受伤，负伤；受损，受创,きずつく（傷つく）,"[41.297, 42.592]",きずつく,傷つく
10731,[动3],直面，面临，面对,ちょくめんする（直面する）,"[48.29, 49.921]",ちょくめんする,直面する
10731,[动3],分布,ぶんぷする（分布する）,"[56.01, 57.618]",ぶんぷする,分布する
10731,[动3],栖息，生息,せいそくする（生息する）,"[65.185, 66.711]",せいそくする,生息する
10731,[动1],致力于，埋头于,とりくむ（取り組む）,"[82.504, 83.654]",とりくむ,取り組む
10731,[动3],饲养,しいくする（飼育する）,"[90.557, 91.801]",しいくする,飼育する
10731,[动1],募集，征募，招募,つのる（募る）,"[102.072, 103.962]",つのる,募る
10731,[动3],派遣,はけんする（派遣する）,"[108.033, 109.384]",はけんする,派遣する
10731,[动2],加深，深化,ふかめる（深める）,"[112.336, 113.655]",ふかめる,深める
10731,[动2],尝试，试验,こころみる（試みる）,"[120.961, 123.035]",こころみる,試みる
10731,[动2],伸出,さしのべる（差し伸べる）,"[126.512, 127.698]",さしのべる,差し伸べる
10731,[动3],正值，正当,さいする（際する）,"[130.713, 131.599]",さいする,際する
10731,[动3],感染，染上,かんせんする（感染する）,"[152.39, 153.915]",かんせんする,感染する
10731,[动3],开馆,かいかんする（開館する）,"[172.43, 173.733]",かいかんする,開館する
10731,[动3],关闭，封闭,へいさする（閉鎖する）,"[184.994, 186.628]",へいさする,閉鎖する
20000,[动1他],拿出，伸出,さしだす（差し出す）,"[22.477, 24.275]",さしだす,差し出す
20000,[动2他],想到，想起,おもいうかべる（思い浮かべる）,"[35.558, 37.618]",おもいうかべる,思い浮かべる
20000,[动1他],装饰，点缀；上色,いろどる（彩る）,"[64.807, 66.543]",いろどる,彩る
20000,[动1自],融入，混入，深入,はいりこむ（入り込む）,"[72.331, 74.57]",はいりこむ,入り込む
20000,[动1他],取出,とりだす（取り出す）,"[114.672, 116.566]",とりだす,取り出す
20000,[动1自],透明，清澈,すきとおる（透き通る）,"[120.0, 121.821]",すきとおる,透き通る
20000,[动2他],盛，装,もりつける（盛り付ける）,"[128.29, 130.221]",もりつける,盛り付ける
20000,[动1他],逸失，放过；错过,のがす（逃す）,"[137.548, 139.424]",のがす,逃す
20000,[动1他],涂抹，涂满,まぶす,"[139.424, 141.639]",まぶす,まぶす
20000,[动1他],想出，想到,おもいつく（思いつく）,"[156.0, 158.0]",おもいつく,思いつく
20000,[动1自],误以为，深信不疑，固执地认为,おもいこむ（思い込む）,"[158.0, 160.0]",おもいこむ,思い込む
20000,[动1他],喜欢，爱慕,すく（好く）,"[243.123, 244.74]",すく,好く
20000,[动2他],替换,かえる（替える）,"[254.0, 255.465]",かえる,替える
20000,[动2自],疲惫,くたびれる,"[260.678, 262.603]",くたびれる,くたびれる
20000,[动2他],煮开,にたてる（煮立てる）,"[282.68399999999997, 284.447]",にたてる,煮立てる
20000,[动1自],成形，凝固【聴解】,かたまる（固まる）,"[286.315, 288.0]",かたまる,固まる
20000,[动2他],清炖，煮,ゆでる,"[290.345, 292.04200000000003]",ゆでる,ゆでる
20000,[动1他],冷却，弄凉,さます（冷ます）,"[295.259, 297.013]",さます,冷ます
20001,[动1自他],理睬，搭理，理会；争夺，夺取,とりあう （取り合う）,"[26.294, 27.94]",とりあう ,取り合う
20001,[动1他],弄碎，研碎，压碎，弄坏,つぶす,"[29.9, 31.775]",つぶす,つぶす
20001,[动1他],含糊；弄脏,にごす（濁す）,"[63.487, 65.517]",にごす,濁す
20001,[动2他],投寄；靠近；聚集,よせる（寄せる）,"[102.017, 103.37899999999999]",よせる,寄せる
20001,[动1自],随便，舒心，自在,くつろぐ,"[133.38, 134.874]",くつろぐ,くつろぐ
20001,[动1他],说出，说起,いいだす（言い出す）,"[174.0, 175.77100000000002]",いいだす,言い出す
20001,[动1他],透露，泄漏；漏掉；遗漏,もらす（漏らす）,"[177.393, 178.726]",もらす,漏らす
20001,[动2他],重新排列,ならべかえる（並べ替える）,"[188.501, 190.483]",ならべかえる,並べ替える
20001,[动1他],补上，补充；补偿,おぎなう（補う）,"[192.151, 193.878]",おぎなう,補う
20002,[动2自],经过，经历,へる（経る）,"[30.34, 31.539]",へる,経る
20002,[动1他],围绕,とりまく（取り巻く）,"[31.539, 33.693]",とりまく,取り巻く
20002,[动1自],转变，改换,きりかわる（切り替わる）,"[74.284, 76.113]",きりかわる,切り替わる
20002,[动2他],完成，达到,とげる（遂げる）,"[93.34, 94.827]",とげる,遂げる
20002,[动1自],从事，有关系，参与，参加,たずさわる（携わる）,"[113.042, 115.017]",たずさわる,携わる
20002,[动2自],灭绝，灭亡,ほろびる（滅びる）,"[116.75999999999999, 118.503]",ほろびる,滅びる
20002,[动1自],复苏，复兴，复活,よみがえる,"[120.255, 122.127]",よみがえる,よみがえる
20002,[动2自],断绝，中断,とだえる（途絶える）,"[123.92, 125.56700000000001]",とだえる,途絶える
20002,[动2自],出现；暴露,あらわれる（現れる）,"[210.837, 212.613]",あらわれる,現れる
20002,[动2自],离开；脱落；不中,はずれる（外れる）,"[234.958, 236.55]",はずれる,外れる
20002,[动1自],闯进，误入,まよいこむ（迷い込む）,"[236.55, 238.185]",まよいこむ,迷い込む
20002,[动2他],留心，注意,こころがける（心がける）,"[239.815, 241.655]",こころがける,心がける
20002,[动1他],挑选，抽出,ぬきだす（抜き出す）,"[252.5, 254.263]",ぬきだす,抜き出す
20002,[动2他],填；埋,うめる（埋める）,"[254.263, 255.463]",うめる,埋める
20002,[动2自],充满，溢出,あふれる,"[279.16700000000003, 280.713]",あふれる,あふれる
20002,[动1他],仔细推敲，斟酌；搋和,ねる（練る）,"[297.546, 298.858]",ねる,練る
20002,[动1他],剁碎；雕刻,きざむ（刻む）,"[300.739, 302.444]",きざむ,刻む
20003,[动2他],叫来；召集来,よびよせる（呼び寄せる）,"[14.478, 16.117]",よびよせる,呼び寄せる
20003,[动2他],使来得及，赶出来,まにあわせる（間に合わせる）,"[18.896, 20.904]",まにあわせる,間に合わせる
20003,[动2他],询问,たずねる（尋ねる）,"[22.144, 23.669]",たずねる,尋ねる
20003,[动2他],委托，托付，交给,まかせる（任せる）,"[25.217, 27.046]",まかせる,任せる
20003,[动1自],膨胀，鼓气，凸起,ふくらむ（膨らむ）,"[34.477, 35.905]",ふくらむ,膨らむ
20003,[动1自],具有，具备，设有,そなわる（備わる）,"[41.249, 42.922]",そなわる,備わる
20003,[动1自],越过；搬家,こす（越す）,"[56.639, 57.895]",こす,越す
20104,[动1自],夸耀,ほこる（誇る）,"[30.776, 32.27]",ほこる,誇る
20104,[动2他],展开，打开；进行，开展,くりひろげる（繰り広げる）,"[36.851, 38.701]",くりひろげる,繰り広げる
20104,[动2他],受，蒙，遭,あびる（浴びる）,"[42.061, 43.601]",あびる,浴びる
20104,[动2他],率领；带领,ひきいる（率いる）,"[43.601, 45.231]",ひきいる,率いる
20104,[动1他],送出,おくりだす（送り出す）,"[50.44, 52.185]",おくりだす,送り出す
20104,[动2他],看到，看准，看清,みとどける（見届ける）,"[55.273, 56.928]",みとどける,見届ける
20104,[动1他],放映出来,うつしだす（映し出す）,"[63.187, 65.002]",うつしだす,映し出す
20104,[动1他],描绘出,えがきだす（描き出す）,"[68.911, 70.656]",えがきだす,描き出す
20104,[动2他],使（局部）接触；猜；指派；写给，寄给,あてる（当てる）,"[79.215, 81.035]",あてる,当てる
20104,[动2自],洋溢，饱满,みちあふれる（満ちあふれる）,"[86.071, 87.84100000000001]",みちあふれる,満ちあふれる
20104,[动1他],结束，总结,しめくくる（締めくくる）,"[87.84100000000001, 89.731]",しめくくる,締めくくる
20104,[动1他],继承，承继,うけつぐ（受け継ぐ）,"[96.14500000000001, 97.86500000000001]",うけつぐ,受け継ぐ
20104,[动2他],吊上来，吊起来,つりあげる（吊り上げる）,"[102.66499999999999, 104.47999999999999]",つりあげる,吊り上げる
20104,[动1他],出现,あらわす（現す）,"[116.069, 117.57900000000001]",あらわす,現す
20104,[动1他],化为，变成,かす（化す）,"[123.155, 124.645]",かす,化す
20104,[动1他],重新拍,とりなおす（撮り直す）,"[124.645, 126.519]",とりなおす,撮り直す
20104,[动2他],（从旁）支持；证实，印证,うらづける（裏付ける）,"[135.569, 137.272]",うらづける,裏付ける
20104,[动1自],下功夫，讲究,こる（凝る）,"[171.0, 172.10399999999998]",こる,凝る
20104,[动2自],模糊，不清楚,ぼやける,"[213.464, 215.113]",ぼやける,ぼやける
20104,[动1自],到达,たどりつく（たどり着く）,"[230.445, 232.195]",たどりつく,たどり着く
20104,[动2他],改写,かきかえる（書き替える）,"[243.925, 245.935]",かきかえる,書き替える
20104,[动1他],摆脱，脱出,ぬけだす（抜け出す）,"[251.294, 252.923]",ぬけだす,抜け出す
20104,[动2自],通过，经过,とおりすぎる（通り過ぎる）,"[282.229, 283.869]",とおりすぎる,通り過ぎる
20104,[动2他],放出（烟花）,うちあげる（打ち上げる）,"[293.744, 295.693]",うちあげる,打ち上げる
20105,[动1自],沉浸，陶醉,ひたる（浸る）,"[4.56, 5.8]",ひたる,浸る
20105,[动1自],限于，只，止于,とどまる,"[48.189, 49.757]",とどまる,とどまる
20105,[动2他],自己动手,てがける（手がける）,"[55.534, 57.043]",てがける,手がける
20105,[动2他],和着，伴随着；乘载,のせる（乗せる）,"[70.435, 71.734]",のせる,乗せる
20105,[动2自],响应，反应，报答,こたえる（応える）,"[73.574, 75.309]",こたえる,応える
20105,[动1自],夹,はさまる（挟まる）,"[113.436, 115.12700000000001]",はさまる,挟まる
20105,[动2他],梦想，幻想；做梦,ゆめみる（夢見る）,"[121.89, 123.754]",ゆめみる,夢見る
20105,[动1自],努力，刻苦，勤勉,はげむ（励む）,"[123.754, 125.492]",はげむ,励む
20105,[动2他],奏，演奏,かなでる（奏でる）,"[134.292, 136.0]",かなでる,奏でる
20105,[动1自],清晰悦耳，清澈,すむ（澄む）,"[141.299, 142.788]",すむ,澄む
20105,[动1自],清晰悦耳，清澈透明,すみきる（澄みきる）,"[142.788, 144.628]",すみきる,澄みきる
20105,[动1自他],错，弄错,あやまる（誤る）,"[166.365, 168.112]",あやまる,誤る
20105,[动1他],引导；导致,みちびく（導く）,"[168.112, 169.618]",みちびく,導く
20105,[动2自],耸立,そびえる,"[183.534, 185.23]",そびえる,そびえる
20105,[动1自],镇定，沉着,すわる（据わる）,"[208.064, 209.621]",すわる,据わる
20105,[动1他],握，抓,にぎる（握る）,"[209.621, 211.341]",にぎる,握る
20105,[动2他],歪，倾斜,かしげる（傾げる）,"[212.996, 214.936]",かしげる,傾げる
20105,[动1自],变弱，衰弱,よわる（弱る）,"[218.04, 219.64]",よわる,弱る
20105,[动1他],移动，转移,うつす（移す）,"[241.748, 243.122]",うつす,移す
20105,[动1他],出售，上市,うりだす（売り出す）,"[243.122, 244.795]",うりだす,売り出す
20105,[动2自],动摇，心慌,どうじる（動じる）,"[250.084, 251.738]",どうじる,動じる
20105,[动2他],控制,おさえる（抑える）,"[260.51800000000003, 262.543]",おさえる,抑える
20105,[动1他],画，绘，描绘,えがく（描く）,"[292.186, 293.576]",えがく,描く
20106,[动1他],争辩，争论；争夺；斗争,あらそう（争う）,"[19.641, 21.152]",あらそう,争う
20106,[动1他],强调，主张；讴歌，歌颂,うたう,"[81.975, 83.563]",うたう,うたう
20106,[动1他],培养,つちかう（培う）,"[115.703, 117.283]",つちかう,培う
20106,[动2他],拼（命），不惜；打赌,かける（賭ける）,"[118.741, 120.154]",かける,賭ける
20106,[动1他],挑战；征服,いどむ（挑む）,"[120.154, 121.566]",いどむ,挑む
20106,[动1他],包租，全部租下,かりきる（借りきる）,"[121.566, 123.256]",かりきる,借りきる
20106,[动1他],托，托付，委托,たくす（託す）,"[127.776, 129.121]",たくす,託す
20106,[动1自],完全取胜,かちぬく（勝ち抜く）,"[152.76, 154.265]",かちぬく,勝ち抜く
20106,[动1他],热衷，迷恋；打进,うちこむ（打ち込む）,"[157.826, 159.216]",うちこむ,打ち込む
20106,[动1他],培养，养成；养育,やしなう（養う）,"[164.31799999999998, 165.703]",やしなう,養う
20106,[动1他],患病，生病；苦恼,わずらう（患う）,"[189.25900000000001, 190.914]",わずらう,患う
20106,[动2自],擅长，优秀,ひいでる（秀でる）,"[199.203, 200.64600000000002]",ひいでる,秀でる
20106,[动2他],达到，完成,なしとげる（成し遂げる）,"[205.262, 206.86]",なしとげる,成し遂げる
20106,[动2自],败北，告负，战败,やぶれる（敗れる）,"[225.185, 226.834]",やぶれる,敗れる
20106,[动1他],冒，不顾,おかす（冒す）,"[229.777, 231.111]",おかす,冒す
20106,[动2他],使损伤；使痛苦,いためる（痛める）,"[237.392, 238.809]",いためる,痛める
20106,[动1他],袭击，侵袭,おそう（襲う）,"[238.809, 240.335]",おそう,襲う
20106,[动1他],恢复，挽回；取回,とりもどす（取り戻す）,"[241.872, 243.409]",とりもどす,取り戻す
20106,[动1他],装进，装入,つめこむ（詰め込む）,"[252.057, 253.547]",つめこむ,詰め込む
20106,[动1自],坐着不走,すわりこむ（座り込む）,"[258.872, 260.576]",すわりこむ,座り込む
20106,[动1他],折，弄断,おる（折る）,"[292.51800000000003, 293.756]",おる,折る
20106,[动2他],实现；满足……的愿望,かなえる,"[293.756, 295.33299999999997]",かなえる,かなえる
20106,[动1他],继承；连接，接上,つぐ（継ぐ）,"[303.457, 304.693]",つぐ,継ぐ
20106,[动1自],互相碰撞,ぶつかりあう（ぶつかり合う）,"[329.41700000000003, 331.414]",ぶつかりあう,ぶつかり合う
20106,[动1他],做出；开始做,つくりだす（作り出す）,"[335.31, 337.078]",つくりだす,作り出す
20106,[动1他],共同分享，共同分担,わかちあう（分かち合う）,"[337.078, 338.944]",わかちあう,分かち合う
20107,[动2他],战平，打成平局,ひきわける（引き分ける）,"[85.395, 87.223]",ひきわける,引き分ける
20107,[动1他],受折磨；烦恼；苦于,くるしむ（苦しむ）,"[117.322, 118.994]",くるしむ,苦しむ
20107,[动1自],复生，复活，苏醒,いきかえる（生き返る）,"[130.224, 132.0]",いきかえる,生き返る
20107,[动2自],未赶上乘车（机）时间；未赶上潮流,のりおくれる（乗り遅れる）,"[139.339, 141.01]",のりおくれる,乗り遅れる
20107,[动1自],获胜晋级,かちすすむ（勝ち進む）,"[201.75, 203.317]",かちすすむ,勝ち進む
20107,[动1自],奋勇前进,つきすすむ（突き進む）,"[216.25, 218.0]",つきすすむ,突き進む
20107,[动1自],讲，谈,かたる（語る）,"[218.0, 219.41]",かたる,語る
20208,[动1他],担心，惦念，牵挂,きづかう（気遣う）,"[1.614, 3.278]",きづかう,気遣う
20208,[动1他],遭受；探望,みまう（見舞う）,"[27.025, 28.346]",みまう,見舞う
20208,[动2他],推上去，顶上去,おしあげる（押し上げる）,"[58.0, 60.0]",おしあげる,押し上げる
20208,[动1自],冲上，跑上,かけあがる（駆け上がる）,"[72.38, 74.0]",かけあがる,駆け上がる
20208,[动1他],拉进来，拽入,ひきこむ（引き込む）,"[75.511, 76.832]",ひきこむ,引き込む
20208,[动2他],存留，保留，遗留,とどめる,"[78.447, 79.572]",とどめる,とどめる
20208,[动1他],记载,しるす（記す）,"[91.65899999999999, 93.175]",しるす,記す
20208,[动1他],引起,ひきおこす（引き起こす）,"[93.175, 94.937]",ひきおこす,引き起こす
20208,[动1他],吞下，咽下；理解，领会,のみこむ（飲み込む）,"[107.511, 109.174]",のみこむ,飲み込む
20208,[动1他],营（生），办（事业）；经营,いとなむ（営む）,"[109.174, 110.936]",いとなむ,営む
20208,[动1他],夺去，失去；抢夺,うばう（奪う）,"[128.305, 129.87]",うばう,奪う
20208,[动2自],冲过来，迫近,うちよせる（打ち寄せる）,"[193.288, 195.148]",うちよせる,打ち寄せる
20208,[动2他],拉近，吸引,ひきよせる（引き寄せる）,"[195.148, 196.86]",ひきよせる,引き寄せる
20208,[动2他],拉上来，拽上来,たぐりよせる（手繰り寄せる）,"[196.86, 199.111]",たぐりよせる,手繰り寄せる
20208,[动1他],轻声细语，低声私语,ささやく,"[206.0, 207.526]",ささやく,ささやく
20208,[动2自],刮过，穿过,ふきぬける（吹き抜ける）,"[207.526, 209.238]",ふきぬける,吹き抜ける
20208,[动1自],闪烁，摇曳；眨眼,またたく,"[209.238, 210.902]",またたく,またたく
20208,[动1自他],凝视,みいる（見入る）,"[210.902, 212.174]",みいる,見入る
20208,[动2自],跑到；跑去；跑来,かけつける（駆けつける）,"[229.39600000000002, 231.212]",かけつける,駆けつける
20208,[动2他],保住,とりとめる（取り留める）,"[237.083, 238.796]",とりとめる,取り留める
20208,[动1他],遭受，蒙受,おう（負う）,"[240.214, 241.584]",おう,負う
20208,[动2他],关在里面,とじこめる（閉じ込める）,"[292.986, 294.894]",とじこめる,閉じ込める
20208,[动2他],拉上来，提起来,ひきあげる（引き上げる）,"[296.949, 298.80899999999997]",ひきあげる,引き上げる
20208,[动1他],互相拥抱,だきあう（抱き合う）,"[298.80899999999997, 300.472]",だきあう,抱き合う
20208,[动1他],相互表达喜悦,よろこびあう（喜び合う）,"[300.472, 302.136]",よろこびあう,喜び合う
20208,[动1他],挖，挖掘,ほる（掘る）,"[328.752, 330.0]",ほる,掘る
20208,[动1他],守护；注视,みまもる（見守る）,"[342.0, 343.521]",みまもる,見守る
20209,[动2自],富有，赋予,めぐまれる（恵まれる）,"[11.474, 13.231]",めぐまれる,恵まれる
20209,[动1他],扭转，拧，扭；费尽心机,ひねる,"[15.024, 16.378]",ひねる,ひねる
20209,[动1他],除去，去除,のぞく（除く）,"[45.254, 46.827]",のぞく,除く
20209,[动1他],多方注意,くばる（配る）,"[69.07900000000001, 70.616]",くばる,配る
20209,[动1他],施恩惠，施舍，救济,めぐむ（恵む）,"[112.0, 113.2]",めぐむ,恵む
20209,[动1自],周到，周密,いきとどく（行き届く）,"[148.376, 150.47]",いきとどく,行き届く
20209,[动1他],擦去，抹掉，擦掉,ふきとる（拭き取る）,"[199.515, 200.869]",ふきとる,拭き取る
20209,[动2自],生，长，发,はえる（生える）,"[200.869, 202.26]",はえる,生える
20209,[动2自],醒，觉醒，清醒,さめる（覚める）,"[221.526, 222.917]",さめる,覚める
20210,[动1自],坐进，乘坐；开进,のりこむ（乗り込む）,"[2.0, 3.409]",のりこむ,乗り込む
20210,[动1自],陷入；掉进,おちいる（陥る）,"[20.0, 21.443]",おちいる,陥る
20210,[动1他],配合，编组,くみあわす（組み合わす）,"[40.382, 42.462]",くみあわす,組み合わす
20210,[动1他],减少，节省；省略,はぶく（省く）,"[73.404, 74.525]",はぶく,省く
20210,[动2他],定位，确定,いちづける（位置づける）,"[87.14099999999999, 88.582]",いちづける,位置づける
20210,[动1自],接着，继……之后,つぐ,"[97.064, 98.291]",つぐ,つぐ
20210,[动1自],极其，达到极限,きわまる（極まる）,"[111.03, 112.417]",きわまる,極まる
20210,[动2自],叫，吠,ほえる（吠える）,"[115.672, 117.059]",ほえる,吠える
20210,[动2他],新买，新购,かいかえる（買い換える）,"[126.395, 128.102]",かいかえる,買い換える
20210,[动1他],烧，燃烧；燃起，激起,もやす（燃やす）,"[147.505, 149.425]",もやす,燃やす
20210,[动2他],垫付，代付,たてかえる（立て替える）,"[159.08100000000002, 160.84199999999998]",たてかえる,立て替える
20210,[动1自],提前，提早,はやまる（早まる）,"[182.661, 185.0]",はやまる,早まる
20210,[动1自],反射，弹回，反弹,はねかえる（はね返る）,"[186.556, 188.423]",はねかえる,はね返る
20211,[动1他],维持，勉强支持；提供；供给饭食,まかなう,"[24.621, 25.955]",まかなう,まかなう
20211,[动2他],切换，转换，改换,きりかえる（切り替える）,"[32.929, 34.445]",きりかえる,切り替える
20211,[动2自],耳熟，听惯,ききなれる（聞き慣れる）,"[40.812, 42.571]",ききなれる,聞き慣れる
20211,[动1他],溶解出来,とけだす（溶け出す）,"[54.275, 55.791]",とけだす,溶け出す
20211,[动1自],顺着，沿着,つたう（伝う）,"[55.791, 57.186]",つたう,伝う
20211,[动1他],听漏，漏听,ききのがす（聞き逃す）,"[78.032, 80.0]",ききのがす,聞き逃す
20211,[动2自],假装不知，佯装不知,しらばくれる,"[86.037, 87.553]",しらばくれる,しらばくれる
20211,[动2他],暂停，暂不，推迟；互看；对照,みあわせる（見合わせる）,"[170.413, 172.535]",みあわせる,見合わせる
20312,[动2自],老，年老,おいる（老いる）,"[0.0, 1.55]",おいる,老いる
20312,[动1自],上心，热中；陷入，掉进,はまる,"[13.704, 15.13]",はまる,はまる
20312,[动1自],退职，离开；倒退,しりぞく（退く）,"[33.289, 34.874]",しりぞく,退く
20312,[动1自],压在……上,のしかかる,"[44.0, 45.597]",のしかかる,のしかかる
20312,[动2自],加甚；加重；剧烈化,こうじる（高じる）,"[46.996, 48.628]",こうじる,高じる
20312,[动1他],各处品尝,たべあるく（食べ歩く）,"[74.0, 76.0]",たべあるく,食べ歩く
20312,[动1他],充满，填充,みたす（満たす）,"[107.60900000000001, 109.054]",みたす,満たす
20312,[动1自],移居，搬家,うつりすむ（移り住む）,"[109.054, 110.64]",うつりすむ,移り住む
20312,[动1他],欺骗,だます,"[133.067, 134.699]",だます,だます
20312,[动1他],骗取,だましとる（だまし取る）,"[134.699, 136.46]",だましとる,だまし取る
20312,[动1自],修好；改正过来；复原,なおる（直る）,"[136.46, 138.0]",なおる,直る
20312,[动1他],管，顾，介意,かまう,"[167.372, 169.097]",かまう,かまう
20312,[动1自],怕，害怕,こわがる（怖がる）,"[183.258, 184.657]",こわがる,怖がる
20312,[动1自],混杂，加入，夹，交往,まじる（混じる）,"[205.451, 207.27]",まじる,混じる
20312,[动1他],放开，撒开,はなす（離す）,"[211.093, 212.81799999999998]",はなす,離す
20313,[动1他],裁判，仲裁,さばく（裁く）,"[28.063, 29.422]",さばく,裁く
20313,[动2他],规定，决定,さだめる（定める）,"[45.651, 47.123]",さだめる,定める
20313,[动1自],涉及，关联,かかる（係る）,"[131.592, 133.177]",かかる,係る
20313,[动1他],拒绝；阻挡,こばむ（拒む）,"[146.99, 148.764]",こばむ,拒む
20313,[动1他],作出，下,くだす（下す）,"[194.284, 195.718]",くだす,下す
20314,[动1自],看到，看见,みあたる（見当たる）,"[13.351, 14.955]",みあたる,見当たる
20314,[动2他],盯看，凝视,みつめる（見つめる）,"[23.018, 24.752]",みつめる,見つめる
20314,[动1自],显露，变得明显,うかびあがる（浮かび上がる）,"[27.743, 29.347]",うかびあがる,浮かび上がる
20314,[动1他],处理，做完,こなす,"[60.391, 62.385]",こなす,こなす
20314,[动1他],窥见，看出,うかがう,"[64.0, 65.55]",うかがう,うかがう
20314,[动1他],看明白，领会，读懂,よみとる（読み取る）,"[84.753, 86.227]",よみとる,読み取る
20314,[动2他],强迫，强使,しいる（強いる）,"[89.175, 90.822]",しいる,強いる
20314,[动1他],承担,になう（担う）,"[95.50399999999999, 96.761]",になう,担う
20314,[动1自],犹豫，踌躇,ためらう,"[106.505, 108.0]",ためらう,ためらう
20314,[动2他],挡住，阻挡住,くいとめる（食い止める）,"[136.978, 138.452]",くいとめる,食い止める
20314,[动2自],产生，发生,しょうじる（生じる）,"[169.0, 170.313]",しょうじる,生じる
20315,[动1自],加塞儿，挤进,わりこむ（割り込む）,"[68.657, 70.0]",わりこむ,割り込む
20315,[动1他],失败，失策,しくじる,"[91.812, 93.15899999999999]",しくじる,しくじる
20416,[动1自],源于，由来于，来自,ちなむ,"[8.0, 9.361]",ちなむ,ちなむ
20416,[动2他],叫住，招呼使……站住,よびとめる（呼び止める）,"[16.0, 17.595]",よびとめる,呼び止める
20416,[动1自],倒扣，翻过来；弄倒；推翻,ひっくりかえす（ひっくり返す）,"[53.502, 55.365]",ひっくりかえす,ひっくり返す
20416,[动2他],垒积起来，摞起来,つみかさねる（積み重ねる）,"[55.365, 56.969]",つみかさねる,積み重ねる
20416,[动1他自],插入，扎进；绞痛,さしこむ（差し込む）,"[75.42, 76.894]",さしこむ,差し込む
20416,[动1自],重叠,かさなる（重なる）,"[81.748, 83.265]",かさなる,重なる
20416,[动2自],摇晃，摇摆,ゆれる（揺れる）,"[83.265, 84.652]",ゆれる,揺れる
20416,[动1他],推回去,おしもどす（押し戻す）,"[86.0, 87.685]",おしもどす,押し戻す
20416,[动1他],盯视，瞪眼,にらむ,"[116.619, 118.136]",にらむ,にらむ
20416,[动1他],穷尽，完,つくす（尽くす）,"[126.977, 128.321]",つくす,尽くす
20416,[动1自],上升；（地位）升级,のぼる（昇る）,"[153.614, 155.304]",のぼる,昇る
20416,[动2自],振动；偏向,ふれる（振れる）,"[172.94299999999998, 174.113]",ふれる,振れる
20416,[动2他],凝固，使坚硬；坚定；加强防守,かためる（固める）,"[174.113, 175.674]",かためる,固める
20416,[动1自],遭遇挫折；栽跟头,つまずく,"[180.0, 181.654]",つまずく,つまずく
20417,[动1他],结束，了事，做完,すます（済ます）,"[18.872, 20.359]",すます,済ます
20417,[动1他],暴露，抛露；晒；漂白；任……冲刷,さらす,"[25.093, 26.502]",さらす,さらす
20417,[动1他],疏忽；懈怠，放松,おこたる（怠る）,"[26.502, 28.0]",おこたる,怠る
20417,[动1他],覆盖，遮盖,おおう（覆う）,"[62.995, 64.44200000000001]",おおう,覆う
20417,[动1他],吸入，吸进,すいこむ（吸い込む）,"[85.708, 87.39099999999999]",すいこむ,吸い込む
20417,[动1他],怀疑,うたがう（疑う）,"[96.58500000000001, 98.0]",うたがう,疑う
20417,[动1他],揭露，揭发,あばく（暴く）,"[113.187, 114.634]",あばく,暴く
20417,[动1他],提出，出台,うちだす（打ち出す）,"[132.319, 134.0]",うちだす,打ち出す
20417,[动1自],呕吐；吐出；冒出；吐露,はく（吐く）,"[144.682, 146.0]",はく,吐く
20417,[动1自],平息，结束；平定,おさまる（治まる）,"[166.31799999999998, 167.649]",おさまる,治まる
20418,[动1自],做完，得到解决,かたづく（片づく）,"[3.404, 4.814]",かたづく,片づく
20418,[动1他],张望，环视,みまわす（見回す）,"[8.0, 9.629]",みまわす,見回す
20418,[动2自],分，分开,わかれる（分かれる）,"[21.615, 23.297]",わかれる,分かれる
20418,[动1他],发出，放出,はなつ（放つ）,"[26.588, 28.0]",はなつ,放つ
20418,[动2他],加速，加快,はやめる（早める）,"[78.0, 79.24]",はやめる,早める
20418,[动1他],缺少，缺乏,かく（欠く）,"[118.0, 119.331]",かく,欠く
20418,[动2自],可能有，能有,ありえる／ありうる,"[125.035, 127.865]",ありえる／ありうる,ありえる／ありうる
20418,[动1自],悚惧，畏缩,すくむ,"[156.708, 158.207]",すくむ,すくむ
20418,[动2自],脱离；脱落,ぬける（抜ける）,"[158.207, 160.0]",ぬける,抜ける
20418,[动2自],暴露,ばれる,"[162.596, 164.0]",ばれる,ばれる
20419,[动2自],开玩笑；愚弄人,ふざける,"[22.873, 24.0]",ふざける,ふざける
20419,[动1他],改变，重振，转换,とりなおす（取り直す）,"[25.337, 26.898]",とりなおす,取り直す
20419,[动2他],兼有，兼备,かねそなえる（兼ね備える）,"[53.399, 55.206]",かねそなえる,兼ね備える
20419,[动1他],梳（发）,すく,"[105.783, 107.015]",すく,すく
20419,[动2自],蹦，跳跃；溅，飞溅,はねる（跳ねる）,"[121.224, 122.661]",はねる,跳ねる
20419,[动2自],颤抖；震动,ふるえる（震える）,"[124.386, 126.0]",ふるえる,震える
20419,[动1自],飞舞，飘荡；舞蹈,まう（舞う）,"[130.382, 131.573]",まう,舞う
20419,[动1自],说话,しゃべる,"[133.174, 134.447]",しゃべる,しゃべる
20419,[动1他],听见；听懂；听取,ききとる（聞き取る）,"[134.447, 136.0]",ききとる,聞き取る
20419,[动1自],潲进，刮进,ふりこむ（降り込む）,"[145.788, 147.267]",ふりこむ,降り込む
20419,[动1自],嘟囔,つぶやく,"[162.502, 164.309]",つぶやく,つぶやく
20419,[动1自],飞扬，飞舞,まいあがる（舞い上がる）,"[164.309, 166.0]",まいあがる,舞い上がる
20419,[动2他],推迟，延迟,おくらせる（遅らせる）,"[198.409, 200.0]",おくらせる,遅らせる
20419,[动1他],买进,かいとる（買い取る）,"[204.733, 206.416]",かいとる,買い取る
20419,[动2他],接上；栓；维系,つなげる,"[208.347, 210.0]",つなげる,つなげる
20419,[动1他],寻找……的机会；瞄准,ねらう（狙う）,"[210.0, 211.632]",ねらう,狙う
20419,[动2他],捕捉；抓住；逮住,とらえる,"[231.454, 232.85]",とらえる,とらえる
20419,[动1他],搬运，挪动,もちはこぶ（持ち運ぶ）,"[238.312, 240.0]",もちはこぶ,持ち運ぶ
20419,[动1自],逃出,にげだす（逃げ出す）,"[242.747, 244.308]",にげだす,逃げ出す
20520,[动1他],带回，拿回,もちかえる（持ち帰る）,"[33.39, 35.531]",もちかえる,持ち帰る
20520,[动1他],讲述，讲；说明,ものがたる（物語る）,"[52.547, 54.42]",ものがたる,物語る
20520,[动1自],连接，延绵；成列,つらなる（連なる）,"[68.299, 69.797]",つらなる,連なる
20520,[动1自],乘～出去；登上……舞台,のりだす（乗り出す）,"[99.22800000000001, 100.833]",のりだす,乗り出す
20520,[动1他],抱，搂,いだく（抱く）,"[120.448, 121.762]",いだく,抱く
20520,[动1他],留下话，留言，撂下（一句话）；没有说完,いいのこす（言い残す）,"[192.151, 193.703]",いいのこす,言い残す
20520,[动1他],死，丧，失去,なくす（亡くす）,"[208.633, 210.0]",なくす,亡くす
20520,[动1他],推倒，放倒；推翻；打败,たおす（倒す）,"[210.0, 211.416]",たおす,倒す
20520,[动1自],热闹，拥挤；繁荣，兴旺,にぎわう,"[214.252, 216.018]",にぎわう,にぎわう
20520,[动1他],仿照，模仿；形象化,かたどる,"[228.7, 230.252]",かたどる,かたどる
20520,[动1自],疼痛，痛苦,いたむ（痛む）,"[244.539, 245.984]",いたむ,痛む
20521,[动1他],说（话）,きく,"[10.0, 11.26]",きく,きく
20521,[动2自],挑动，煽动,かきたてる（かき立てる）,"[57.998, 59.744]",かきたてる,かき立てる
20521,[动1他],带出，拿出去,もちだす（持ち出す）,"[107.702, 109.267]",もちだす,持ち出す
20521,[动2自],充满,みちる（満ちる）,"[112.57900000000001, 114.024]",みちる,満ちる
20521,[动1自],赚钱,もうかる（儲かる）,"[152.823, 154.208]",もうかる,儲かる
20521,[动1他],放开，放掉,はなす（放す）,"[162.758, 163.902]",はなす,放す
20521,[动1自],走开，离去,たちさる（立ち去る）,"[163.902, 165.348]",たちさる,立ち去る
20521,[动1自他],投入；注入，倒进,つぎこむ（つぎ込む）,"[190.0, 191.554]",つぎこむ,つぎ込む
20521,[动1自],喷出,ふきだす（噴き出す）,"[205.223, 206.608]",ふきだす,噴き出す
20521,[动1自],住，居住,すまう（住まう）,"[209.378, 210.823]",すまう,住まう
20522,[动1自],舞蹈,まいおどる（舞い踊る）,"[6.416, 8.475]",まいおどる,舞い踊る
20522,[动1自],效仿，仿照；效法,ならう（倣う）,"[15.466, 16.807]",ならう,倣う
20522,[动2他],（使）出现；浮，泛；想起,うかべる（浮かべる）,"[19.632, 21.404]",うかべる,浮かべる
20522,[动1他],著述，讲述,あらわす（著す）,"[39.791, 41.179]",あらわす,著す
20522,[动1自],悲叹，叹息,なげく（嘆く）,"[45.489, 46.925]",なげく,嘆く
20522,[动1他],记下来，写下来,かきしるす（書き記す）,"[56.502, 58.609]",かきしるす,書き記す
20522,[动2他],探寻到，造访,たずねあてる（訪ねあてる）,"[60.0, 62.0]",たずねあてる,訪ねあてる
20522,[动1他],承担,うけもつ（受け持つ）,"[79.083, 80.711]",うけもつ,受け持つ
20522,[动2他],添，附加，附上,そえる（添える）,"[88.372, 90.0]",そえる,添える
20522,[动2他],申述；提出,もうしでる（申し出る）,"[92.0, 94.0]",もうしでる,申し出る
20522,[动2自],压低着（声音），声音嘶哑,かすれる,"[96.991, 98.428]",かすれる,かすれる
20522,[动2他],弄错；拿错；理解错,とりちがえる（取り違える）,"[106.785, 108.461]",とりちがえる,取り違える
20522,[动1他],觉察，猜测到,けどる（気取る）,"[116.553, 118.0]",けどる,気取る
20522,[动1他],着想，体谅，体贴,おもいやる（思いやる）,"[130.487, 132.0]",おもいやる,思いやる
20522,[动1自],支支吾吾，欲言又止；结结巴巴,くちごもる（口ごもる）,"[137.862, 139.25]",くちごもる,口ごもる
20522,[动1自他],害羞，害臊,はじらう（恥じらう）,"[139.25, 140.591]",はじらう,恥じらう
20522,[动2自],努力,つとめる（努める）,"[154.648, 156.0]",つとめる,努める
20522,[动1自],跑,かけよる（駆け寄る）,"[161.341, 163.065]",かけよる,駆け寄る
20522,[动1他],装腔作势；冒充，以……自居,きどる（気取る）,"[175.132, 176.281]",きどる,気取る
20522,[动1他],犯；冒犯；奸污,おかす（犯す）,"[182.554, 184.0]",おかす,犯す
20522,[动1他],追进，赶进，逼入,おいこむ（追い込む）,"[185.666, 187.055]",おいこむ,追い込む
20522,[动2他],松开；松懈；放慢；放宽,ゆるめる（緩める）,"[199.432, 201.204]",ゆるめる,緩める
20522,[动1自],完全倒下,たおれこむ（倒れ込む）,"[201.204, 202.73]",たおれこむ,倒れ込む
20522,[动1他],挖尽,ほりつくす（掘り尽くす）,"[212.696, 214.659]",ほりつくす,掘り尽くす
20522,[动1他],摘,つむ（摘む）,"[219.399, 220.692]",つむ,摘む
20523,[动1自],滚转，倒下；扔着,ころがる（転がる）,"[42.0, 43.428]",ころがる,転がる
20523,[动1他],谈论，交谈,かたりあう（語り合う）,"[54.985, 56.757]",かたりあう,語り合う
20523,[动2他],夹杂；交，交换,まじえる（交える）,"[60.0, 61.347]",まじえる,交える
20523,[动2他],安抚，抚慰,なだめる,"[95.475, 97.321]",なだめる,なだめる
20523,[动1他],估计；斟酌，瞧着,みはからう（見計らう）,"[128.148, 130.0]",みはからう,見計らう
20523,[动1自],歇息，休息,いこう（憩う）,"[141.661, 143.212]",いこう,憩う
20523,[动1自],到处跑,はしりまわる（走り回る）,"[146.609, 148.566]",はしりまわる,走り回る
